company_id,canonical_name,legal_name,aliases_json,domain,website,careers_url,sectors_json,nepal_relationship,country,locality,address,official_email,official_phone,profile,active,confidence,first_seen_at,last_seen_at,primary_source_id,primary_source_url
a477e203-c042-53f7-b28d-3dda744d9a1b,1840 & Company,,[],,,,"[""technology_employer""]",hires,,,,,,,true,0.75,2026-08-29 03:33:39.54056+00,2026-10-05 09:11:08.667442+00,himalayas,https://himalayas.app/companies/1840-company/jobs/product-support-specialist-csr
320b794b-6a76-5a72-8613-12c3cb27a31d,24x7 Direct,,[],,,,"[""technology_employer""]",hires,,,,,,,true,0.75,2026-08-29 03:36:39.571706+00,2026-08-29 04:10:23.039082+00,himalayas,https://himalayas.app/companies/24x7-direct/jobs/azure-ai-net-developer
c3e5681e-d1e4-5655-9e3d-10e42f033587,"A-STAFFING, INC.",,[],,,,"[""technology_employer""]",hires,,,,,,,true,0.75,2026-10-05 09:18:02.675632+00,2026-10-05 09:20:32.727148+00,himalayas,https://himalayas.app/companies/a-staffing-inc/jobs/sr-security-engineer-japanese-bilingual
0d6b055e-0eaf-58c7-9f00-810b23b92711,A.Team,,[],,,,"[""technology_employer""]",hires,,,,,,,true,0.75,2026-08-28 15:53:10.529995+00,2026-10-05 09:21:17.598302+00,remotive,https://remotive.com/remote-jobs/software-development/senior-independent-ai-engineer-architect-1919266
26b6cf09-1da1-5f9c-8833-9ab6545fa755,ABB,,[],,,,"[""technology_employer""]",unknown,,,,,,,true,0.75,2026-08-29 03:30:45.524834+00,2026-08-29 04:04:29.005808+00,himalayas,https://himalayas.app/companies/global-abb/jobs/data-center-coe-sr-field-service-technician
5bbed20b-d05d-500b-8d20-c1f7e50570ac,ADDENDUM,,[],,,,"[""technology_employer""]",hires,,,,,,,true,0.75,2026-08-29 03:33:45.553462+00,2026-08-29 04:07:29.044348+00,himalayas,https://himalayas.app/companies/addendum/jobs/senior-managing-consultant-eu-based
11f1106f-4232-5d26-b4af-d4e850841208,AECOM,,[],,,,"[""technology_employer""]",hires,,,,,,,true,0.75,2026-10-05 09:11:32.667589+00,2026-10-05 09:11:32.667589+00,himalayas,https://himalayas.app/companies/aecom/jobs/electrical-engineering-lead-data-centers-remote-u-s-57959778
6caa42f0-d076-5d9f-824e-447b76ce0863,AF Group,,[],,,,"[""technology_employer""]",unknown,,,,,,,true,0.75,2026-10-05 09:13:26.666605+00,2026-10-05 09:20:08.680377+00,himalayas,https://himalayas.app/companies/af-group/jobs/scrum-master
bb5159d8-9b56-5997-9269-1734e06bd47d,"AI Technology Partners, Inc.",,[],,,,"[""technology_employer""]",unknown,,,,,,,true,0.75,2026-08-29 03:30:57.532184+00,2026-08-29 04:04:41.005202+00,himalayas,https://himalayas.app/companies/ai-technology-partners-inc/jobs/forward-deployed-engineer
9ca340c2-f06e-520b-9bdd-162255c91be0,AIT Worldwide Logistics,,[],,,,"[""technology_employer""]",hires,,,,,,,true,0.75,2026-10-05 09:14:50.671049+00,2026-10-05 09:14:50.671049+00,himalayas,https://himalayas.app/companies/ait-worldwide-logistics/jobs/founding-software-engineer-skunkworks
29d9b990-f935-5204-86f7-b72dbfbd3a7e,AMOL TECHNOLOGIES,,[],,,,"[""technology_employer""]",hires,,,,,,,true,0.75,2026-08-29 03:29:33.511881+00,2026-08-29 04:03:16.987782+00,himalayas,https://himalayas.app/companies/amol-technologies/jobs/hr-intern
fc356a47-c3cc-53ed-bf58-11f4fad47451,AMS Accelerate IT,,[],,,,"[""technology_employer""]",hires,,,,,,,true,0.75,2026-08-29 03:30:09.527041+00,2026-08-29 04:04:05.002665+00,himalayas,https://himalayas.app/companies/ams-accelerate-it/jobs/sales-development-representative-l3x3v8x8
a1477ee0-4fc0-5fe7-9a92-4ea4ff3460df,AMZ Advisers,,[],,,,"[""technology_employer""]",unknown,,,,,,,true,0.75,2026-10-05 09:18:38.67882+00,2026-10-05 09:18:38.67882+00,himalayas,https://himalayas.app/companies/amz-advisers/jobs/senior-account-manager-7877251757
a87d9f39-8b33-5c59-b0f4-4222bf2725c6,ARNVIND GROUP,,[],,,,"[""technology_employer""]",unknown,,,,,,,true,0.75,2026-10-05 09:18:38.679254+00,2026-10-05 09:18:38.679254+00,himalayas,https://himalayas.app/companies/arnvind-group/jobs/senior-data-engineer-data-ai
dad99aea-b0ce-57b8-94d4-b609b18ac74b,AVNT,,[],,,,"[""technology_employer""]",unknown,,,,,,,true,0.75,2026-08-29 03:33:27.52051+00,2026-08-29 04:07:11.015927+00,himalayas,https://himalayas.app/companies/avnt/jobs/sales-manager-tech-retail
42a0f2c9-795f-5873-b1ce-b5dce8c7903a,AWeber,,[],,,,"[""technology_employer""]",unknown,,,,,,,true,0.75,2026-10-05 09:21:15.1144+00,2026-10-05 09:21:15.1144+00,remoteok,https://remoteOK.com/remote-jobs/remote-operations-engineer-ii-aweber-1136778
5df82bfa-58a9-5c48-b037-60391f995f03,Abacus Consulting,,[],,,,"[""technology_employer""]",unknown,,,,,,,true,0.75,2026-10-05 09:16:38.669982+00,2026-10-05 09:16:38.669982+00,himalayas,https://himalayas.app/companies/abacus-consulting/jobs/data-engineer-4976510814
44d4c4bd-e96e-59ec-84c3-62ee992c5220,AbbVie,,[],,,,"[""technology_employer""]",unknown,,,,,,,true,0.75,2026-08-29 03:30:09.526041+00,2026-08-29 04:03:53.002446+00,himalayas,https://himalayas.app/companies/abbvie/jobs/associate-director-field-training-multiple-myeloma
f06d4d2d-9a25-5c87-8e88-4de57d128e89,Above Group,,[],,,,"[""technology_employer""]",unknown,,,,,,,true,0.75,2026-08-29 03:29:39.521905+00,2026-08-29 04:08:35.056973+00,himalayas,https://himalayas.app/companies/above-group/jobs/senior-electrical-engineer
1a6d361c-6740-5340-b5f3-e72331041595,Accelerant,,[],,,,"[""technology_employer""]",unknown,,,,,,,true,0.75,2026-08-29 03:34:15.54335+00,2026-08-29 04:07:59.030655+00,himalayas,https://himalayas.app/companies/accelerant/jobs/operations-specialist
8b9877b1-2edb-511f-8961-3ed9afc82de7,Accesa & RaRo,,[],,,,"[""technology_employer""]",hires,,,,,,,true,0.75,2026-08-29 03:29:39.521905+00,2026-10-05 09:11:44.665152+00,himalayas,https://himalayas.app/companies/accesa-raro/jobs/sap-fi-co-consultant
cc98f105-cd4b-554b-a911-5b584448f246,AccorHotel,,[],,,,"[""technology_employer""]",unknown,,,,,,,true,0.75,2026-10-05 09:11:20.682254+00,2026-10-05 09:11:20.682254+00,himalayas,https://himalayas.app/companies/accor/jobs/digital-marketing-and-advanced-graphic-design-specialist
86d5f226-ce20-5be3-b42a-5e2854517675,Accountingfly,,[],,,,"[""technology_employer""]",hires,,,,,,,true,0.75,2026-10-05 09:19:20.681718+00,2026-10-05 09:19:20.681718+00,himalayas,https://himalayas.app/companies/accountingfly/jobs/remote-sales-and-use-tax-accountant-taxconnex
4ba7a4af-0707-52f4-ad91-07f5f402aeaa,Ace IT Careers,,[],,,,"[""technology_employer""]",hires,,,,,,,true,0.75,2026-10-05 09:21:15.113721+00,2026-10-05 09:21:15.113721+00,remoteok,https://remoteOK.com/remote-jobs/remote-qa-tester-entry-level-ace-it-careers-1136701
992269cb-0c7b-5460-a609-d383fc1e1b87,Acosta Group,,"[""Acosta""]",,,,"[""technology_employer""]",unknown,,,,,,,true,0.75,2026-10-05 09:20:20.682324+00,2026-10-05 09:20:20.682467+00,himalayas,https://himalayas.app/companies/acosta-group/jobs/platform-support-engineer
896433ee-f171-5679-943c-5377fa5e616c,ActionKit,,[],,,,"[""technology_employer""]",unknown,,,,,,,true,0.75,2026-08-29 03:37:21.598668+00,2026-08-29 04:11:05.059436+00,himalayas,https://himalayas.app/companies/actionkit/jobs/lead-devops-engineer-1445593699
c95be550-0905-5ff8-a366-b5c0ee196790,AcuityMD,,[],,,,"[""technology_employer""]",unknown,,,,,,,true,0.75,2026-08-29 03:27:39.512402+00,2026-08-29 04:01:22.95183+00,himalayas,https://himalayas.app/companies/acuitymd/jobs/strategic-account-executive
fb8c0006-e301-5518-aa67-2e4a7ad6c680,Adelaide,,[],,,,"[""technology_employer""]",hires,,,,,,,true,0.75,2026-08-29 03:33:03.522806+00,2026-08-29 04:06:47.015564+00,himalayas,https://himalayas.app/companies/adelaide/jobs/vp-engineering
7145858e-a2bc-540e-b9dd-b010ac9d82c0,Aderant,,[],,,,"[""technology_employer""]",unknown,,,,,,,true,0.75,2026-08-29 03:37:09.591455+00,2026-08-29 04:10:53.05209+00,himalayas,https://himalayas.app/companies/aderant/jobs/senior-solutions-engineer
eece1d2e-43a6-5905-ba1d-1ae1c32438e3,Adstart Media,,[],,,,"[""technology_employer""]",unknown,,,,,,,true,0.75,2026-08-29 03:30:15.554373+00,2026-08-29 04:03:58.986539+00,himalayas,https://himalayas.app/companies/adstart-media/jobs/affiliate-manager
3745ee6f-d7ab-52fe-987a-bbef6ef3bbd9,Advancis,,[],,,,"[""technology_employer""]",unknown,,,,,,,true,0.75,2026-10-05 09:15:50.670111+00,2026-10-05 09:15:50.670111+00,himalayas,https://himalayas.app/companies/advancis/jobs/technicien-de-service-h-f-x-3012218053
926d8e65-0cce-516c-8402-de1508a0061d,Adventus,,[],,,,"[""technology_employer""]",unknown,,,,,,,true,0.75,2026-10-05 09:11:32.667266+00,2026-10-05 09:11:32.667266+00,himalayas,https://himalayas.app/companies/adventus/jobs/ai-automation-engineer-developer
5a2d33b0-2a24-5213-89f7-21abc67992aa,Affirm,,[],,,,"[""technology_employer""]",unknown,,,,,,,true,0.75,2026-08-29 03:27:45.510543+00,2026-08-29 04:10:23.037517+00,himalayas,https://himalayas.app/companies/affirm/jobs/senior-software-engineer-backend-merchant-advocacy-9559772257
e7e0bc66-2a2f-5495-b0b7-61346d83f40c,Agile Defense,,[],,,,"[""technology_employer""]",hires,,,,,,,true,0.75,2026-08-29 03:27:57.510867+00,2026-08-29 04:01:40.96243+00,himalayas,https://himalayas.app/companies/agile-defense/jobs/ux-lead
3095febe-a75e-5f99-9fbd-579efac5805a,Agility Partners,,[],,,,"[""technology_employer""]",unknown,,,,,,,true,0.75,2026-10-05 09:12:20.666498+00,2026-10-05 09:12:20.666498+00,himalayas,https://himalayas.app/companies/agility-partners/jobs/impower-ai-senior-consultant-test-engineering-practice
6e4df7ae-a831-5d19-95c4-64051c86186c,Aidaptive,,[],,,,"[""technology_employer""]",unknown,,,,,,,true,0.75,2026-08-29 03:28:09.51002+00,2026-08-29 04:02:04.953733+00,himalayas,https://himalayas.app/companies/aidaptive/jobs/marketing-demand-generation
109589f4-e3c6-58fc-9370-6d4ae6436ecf,Airalo,,[],,,,"[""technology_employer""]",hires,,,,,,,true,0.75,2026-08-29 03:27:57.511977+00,2026-08-29 04:01:46.963713+00,himalayas,https://himalayas.app/companies/airalo/jobs/procurement-lead-telco
222ff506-20b2-5bce-bb22-d630f19f4af7,Airbnb,,[],,,,"[""technology_employer""]",hires,,,,,,,true,0.75,2026-10-05 09:13:50.668054+00,2026-10-05 09:13:50.668054+00,himalayas,https://himalayas.app/companies/airbnb/jobs/staff-software-engineer-passport-commerce-backend
37a4096c-d9f5-5733-baf8-b65c9a2ef8b6,Ajua,,[],,,,"[""technology_employer""]",unknown,,,,,,,true,0.75,2026-08-29 03:27:45.511543+00,2026-08-29 04:01:28.949353+00,himalayas,https://himalayas.app/companies/ajua/jobs/senior-data-scientist-product
6c4ca3c8-7053-5ceb-ae58-181a7dcac3a6,Akamai Technologies,,[],,,,"[""technology_employer""]",unknown,,,,,,,true,0.75,2026-10-05 09:16:56.669219+00,2026-10-05 09:20:32.727839+00,himalayas,https://himalayas.app/companies/akamai-technologies/jobs/software-development-engineer-in-test-ii-9551199637
c8a8736f-e5f2-5bfc-a7a1-316f71114fc4,Alcor,,[],,,,"[""technology_employer""]",unknown,,,,,,,true,0.75,2026-10-05 09:16:32.675616+00,2026-10-05 09:16:32.675616+00,himalayas,https://himalayas.app/companies/alcor/jobs/middle-full-stack-developer
c8067281-10cf-55f1-a2dd-8dbef2554dc6,All Native Shared Services Company,,[],,,,"[""technology_employer""]",unknown,,,,,,,true,0.75,2026-10-05 09:11:20.682001+00,2026-10-05 09:14:14.67094+00,himalayas,https://himalayas.app/companies/all-native-shared-services-company/jobs/maximo-functional-lead
f717dcb7-409c-5a09-b5c2-2ddd5bb1ef07,AllCloud,,[],,,,"[""technology_employer""]",unknown,,,,,,,true,0.75,2026-10-05 09:11:50.661303+00,2026-10-05 09:11:50.661303+00,himalayas,https://himalayas.app/companies/allcloud/jobs/backend-developer-gen-ai
c1f15c74-6f8c-5479-af84-79c5bfb21610,Allient,,[],,,,"[""technology_employer""]",unknown,,,,,,,true,0.75,2026-08-29 03:33:51.551594+00,2026-08-29 04:07:35.041843+00,himalayas,https://himalayas.app/companies/allient/jobs/especialista-en-qa-y-tester
fdc5c9d3-82e2-5b52-b00b-8933bdc274a1,Alteryx,,[],,,,"[""technology_employer""]",unknown,,,,,,,true,0.75,2026-08-29 03:31:15.525534+00,2026-08-29 04:04:58.99467+00,himalayas,https://himalayas.app/companies/alteryx/jobs/director-enterprise-applications
d8c0d266-09bd-5304-a275-f9a8b3da8a95,Altruist,,[],,,,"[""technology_employer""]",unknown,,,,,,,true,0.75,2026-08-29 03:36:45.598134+00,2026-08-29 04:10:29.047641+00,himalayas,https://himalayas.app/companies/altruist/jobs/sr-solutions-engineer-enterprise
4eba15ff-586d-5c77-8272-b2299748ee18,Altus Group,,[],,,,"[""technology_employer""]",unknown,,,,,,,true,0.75,2026-10-05 09:20:20.682394+00,2026-10-05 09:20:20.682394+00,himalayas,https://himalayas.app/companies/altus-group/jobs/engineering-manager-remote-uk
59f72e82-4d98-5923-b047-63d3d6d04790,Ameresco,,[],,,,"[""technology_employer""]",unknown,,,,,,,true,0.75,2026-08-29 03:30:51.50333+00,2026-08-29 04:04:35.005504+00,himalayas,https://himalayas.app/companies/ameresco/jobs/building-performance-engineer-customer-success
784ffa3f-c730-522e-8947-96e5db899924,American Bureau of Shipping (ABS),,[],,,,"[""technology_employer""]",unknown,,,,,,,true,0.75,2026-10-05 09:21:15.114044+00,2026-10-05 09:21:15.114044+00,remoteok,https://remoteOK.com/remote-jobs/remote-surveyor-i-american-bureau-of-shipping-abs-1136592
bc91ff44-ab50-5f76-8a59-c24a497e7e52,American Heart Association,,[],,,,"[""technology_employer""]",unknown,,,,,,,true,0.75,2026-10-05 09:14:08.667753+00,2026-10-05 09:14:14.671402+00,himalayas,https://himalayas.app/companies/american-heart-association/jobs/sr-program-manager-mission-advancement
7b4c9c23-f6cc-5c18-a833-5b4348acdbd3,"American Specialty Health, Inc.",,[],,,,"[""technology_employer""]",hires,,,,,,,true,0.75,2026-10-05 09:12:26.665837+00,2026-10-05 09:12:26.665837+00,himalayas,https://himalayas.app/companies/american-specialty-health-inc/jobs/examiner-i-remote-15-hour
b39f534d-1e77-5321-97a8-8098f40ee97a,"Ametek, Inc.",,[],,,,"[""technology_employer""]",hires,,,,,,,true,0.75,2026-10-05 09:11:08.667409+00,2026-10-05 09:11:14.67798+00,himalayas,https://himalayas.app/companies/ametek-inc/jobs/regional-sales-manager-europe-virtual-gb
24dfa7cd-f78a-518f-9ca6-50fba25699a3,Amgen,,[],,,,"[""technology_employer""]",unknown,,,,,,,true,0.75,2026-10-05 09:11:20.681965+00,2026-10-05 09:11:20.681965+00,himalayas,https://himalayas.app/companies/amgen/jobs/business-architect-applied-ai-automation
8fa7ff93-d4d6-5653-ac55-2cd4d75073a9,Ampa Health,,[],,,,"[""technology_employer""]",unknown,,,,,,,true,0.75,2026-08-29 03:30:57.531675+00,2026-08-29 04:04:41.005202+00,himalayas,https://himalayas.app/companies/ampa-health/jobs/android-engineer-android-java-kotlin
d370dda5-0d4b-5584-8016-7cdeff8f0fb3,Amperity,,[],,,,"[""technology_employer""]",unknown,,,,,,,true,0.75,2026-08-29 03:30:03.522978+00,2026-08-29 04:03:47.016028+00,himalayas,https://himalayas.app/companies/amperity/jobs/lead-software-development-engineer
60aa18fc-5e9a-59dc-bf33-1de12a8fb00a,Anlatan,,[],,,,"[""technology_employer""]",unknown,,,,,,,true,0.75,2026-10-05 09:11:38.661168+00,2026-10-05 09:11:44.66564+00,himalayas,https://himalayas.app/companies/anlatan/jobs/machine-learning-engineer-1150872692
af61e302-323f-5ea5-8033-c0ce31f3918d,Anonym Agency,,[],,,,"[""technology_employer""]",unknown,,,,,,,true,0.75,2026-08-29 03:34:27.525503+00,2026-08-29 04:08:11.060637+00,himalayas,https://himalayas.app/companies/anonym-agency/jobs/graphic-designer
655e5732-d5f6-5062-b062-04c64013c456,Anovium,,[],,,,"[""technology_employer""]",unknown,,,,,,,true,0.75,2026-10-05 09:11:32.667311+00,2026-10-05 09:11:38.661668+00,himalayas,https://himalayas.app/companies/anovium/jobs/senior-full-stack-python-fastapi-react-engineer-in-medellin-9402666324
5269da00-29e1-52b6-b045-741b65f8bb90,Anthology,,[],,,,"[""technology_employer""]",hires,,,,,,,true,0.75,2026-10-05 09:10:38.660306+00,2026-10-05 09:10:38.660306+00,himalayas,https://himalayas.app/companies/anthology/jobs/service-delivery-manager
a5949c89-76ba-5f5d-a2ec-d75c999a58b5,Anywhere Real Estate Inc.,,[],,,,"[""technology_employer""]",hires,,,,,,,true,0.75,2026-10-05 09:14:50.671364+00,2026-10-05 09:14:50.671364+00,himalayas,https://himalayas.app/companies/anywhere-real-estate-inc/jobs/real-estate-administrator-us-based-remote
717c4ae4-5326-5d7d-82ec-91b876593a73,Apex Tool Group,,[],,,,"[""technology_employer""]",unknown,,,,,,,true,0.75,2026-10-05 09:10:50.669927+00,2026-10-05 09:10:50.669927+00,himalayas,https://himalayas.app/companies/apex-tool-group/jobs/end-user-account-manager-utilities-midwest-territory-remote-us-3382364170
bdbc99ed-fdac-52d3-b87d-60bb170c7816,App Akademie,,[],,,,"[""technology_employer""]",unknown,,,,,,,true,0.75,2026-08-29 03:28:09.51002+00,2026-08-29 04:01:52.974687+00,himalayas,https://himalayas.app/companies/app-akademie/jobs/it-recruiter-career-advisor-m-w-d
58ad0006-17c7-52a9-a7c1-429715cfc6f6,App Innovators Solutions,,[],,,,"[""technology_employer""]",unknown,,,,,,,true,0.75,2026-08-29 03:28:15.50985+00,2026-08-29 04:01:58.967447+00,himalayas,https://himalayas.app/companies/app-innovators-solutions/jobs/fullstack-nuxt-web-entwicklung-in-junger-wachsender-software-agentur-m-w-d
49b5454e-0cab-59a6-9433-acbbd671980a,Aprende Institute,,[],,,,"[""technology_employer""]",unknown,,,,,,,true,0.75,2026-08-29 03:27:57.510867+00,2026-08-29 04:01:40.96243+00,himalayas,https://himalayas.app/companies/aprende-institute/jobs/ux-designer-lead
2a4633d8-18a7-5b74-b5b7-588f386536fd,Aptive,,[],,,,"[""technology_employer""]",hires,,,,,,,true,0.75,2026-10-05 09:16:44.678597+00,2026-10-05 09:20:08.680961+00,himalayas,https://himalayas.app/companies/aptive/jobs/senior-proposal-consultant
59f68529-1b51-5340-be06-4e372a142a2f,Aquila Software Group,,[],,,,"[""technology_employer""]",unknown,,,,,,,true,0.75,2026-08-29 03:33:03.522806+00,2026-08-29 04:06:47.015564+00,himalayas,https://himalayas.app/companies/aquila-software-group/jobs/client-growth-executive-emphasys-pha
f9756cc7-376e-5e52-b940-e2d041de795d,Arabian Private Holdings,,[],,,,"[""technology_employer""]",unknown,,,,,,,true,0.75,2026-10-05 09:21:15.114564+00,2026-10-05 09:21:15.114564+00,remoteok,https://remoteOK.com/remote-jobs/remote-data-analyst-assistant-arabian-private-holdings-1136217
2bd88e97-c46f-520c-9d96-c0fb54ec3cf8,Arango,,[],,,,"[""technology_employer""]",hires,,,,,,,true,0.75,2026-10-05 09:21:15.112265+00,2026-10-05 09:21:15.112265+00,remoteok,https://remoteOK.com/remote-jobs/remote-golang-kubernetes-engineer-arango-1137400
fdb906f6-6802-5aa7-b4a4-80a45cb294c3,Arch Global Services (Philippines) Inc.,,[],,,,"[""technology_employer""]",unknown,,,,,,,true,0.75,2026-08-29 03:30:09.527041+00,2026-08-29 04:03:53.002446+00,himalayas,https://himalayas.app/companies/agsi/jobs/2026-7905-data-scientist-mid-midshift
f14723cf-dd8b-5cb1-91a2-63f743cfa244,Archer,,[],,,,"[""technology_employer""]",unknown,,,,,,,true,0.75,2026-08-29 03:36:51.601359+00,2026-08-29 04:10:35.040867+00,himalayas,https://himalayas.app/companies/archer/jobs/staff-survivability-and-operations-analysis-engineer
0bfa15d3-a69b-5d74-9dee-8d6a934c48e9,Argano,,[],,,,"[""technology_employer""]",unknown,,,,,,,true,0.75,2026-10-05 09:13:14.665396+00,2026-10-05 09:20:14.681451+00,himalayas,https://himalayas.app/companies/argano/jobs/sap-client-executive-erp-solutions-south-region
f364db19-7918-5c97-8e69-d91b0f80fbe4,Armada,,[],,,,"[""technology_employer""]",unknown,,,,,,,true,0.75,2026-10-05 09:11:20.682152+00,2026-10-05 09:11:20.682152+00,himalayas,https://himalayas.app/companies/armada/jobs/senior-mechanical-design-engineer-liquid-cooling-systems
22b6bcb9-e972-5dc8-a748-399ed00aff11,Artemis ARC,,[],,,,"[""technology_employer""]",hires,,,,,,,true,0.75,2026-10-05 09:13:56.6727+00,2026-10-05 09:17:44.674609+00,himalayas,https://himalayas.app/companies/artemis-arc/jobs/clinical-informatics-integrator
61c20533-56a4-5efb-82f5-ecdc4156be18,Artemis Connection,,[],,,,"[""technology_employer""]",unknown,,,,,,,true,0.75,2026-10-05 09:20:14.681523+00,2026-10-05 09:20:14.681523+00,himalayas,https://himalayas.app/companies/artemis-connection/jobs/engagement-manager
a25be7cd-cd1e-5d90-b9ee-24500b6ad1b0,Arthrex,,[],,,,"[""technology_employer""]",unknown,,,,,,,true,0.75,2026-10-05 09:12:32.674698+00,2026-10-05 09:12:32.674698+00,himalayas,https://himalayas.app/companies/arthrex/jobs/veterinary-sales-representative-great-lakes-us-remote-3937652967
c5581caf-bba7-5b82-9ed1-47634d4df6ab,Artiva Biotherapeutics,,[],,,,"[""technology_employer""]",unknown,,,,,,,true,0.75,2026-08-29 03:30:09.526041+00,2026-08-29 04:03:53.001446+00,himalayas,https://himalayas.app/companies/artiva-biotherapeutics/jobs/sr-director-ed-medical-affairs-medical-communications-publications
30260663-b3cc-553b-981e-c1f93989d9b2,Ashby,,[],,,,"[""technology_employer""]",hires,,,,,,,true,0.75,2026-10-05 09:21:15.111968+00,2026-10-05 09:21:15.111968+00,remoteok,https://remoteOK.com/remote-jobs/remote-people-operations-coordinator-ashby-1137412
3dee7a44-518f-5b2e-8853-b5499c7360cf,AsiaLocalize,,[],,,,"[""technology_employer""]",hires,,,,,,,true,0.75,2026-10-05 09:16:32.675799+00,2026-10-05 09:16:32.675799+00,himalayas,https://himalayas.app/companies/asialocalize/jobs/collaboration-opportunity-linguists-language-specialists
3561f35e-47f5-5dfe-9f8a-3874f87a975e,Astreya,,[],,,,"[""technology_employer""]",unknown,,,,,,,true,0.75,2026-08-29 03:36:09.574173+00,2026-08-29 04:09:53.046203+00,himalayas,https://himalayas.app/companies/astreya/jobs/ai-infrastructure-dc-design-engineer-ii
99dce355-9600-5e18-a3de-488cca97112c,Ataraxis Management,,[],,,,"[""technology_employer""]",hires,,,,,,,true,0.75,2026-10-05 09:13:50.667893+00,2026-10-05 09:19:02.67675+00,himalayas,https://himalayas.app/companies/ataraxis-management/jobs/healthcare-virtual-assistant-mental-health-practice-remote-466130747
999b9608-bfe0-58f7-82b9-4822332cc5a3,Atlanta Soundworks,,[],,,,"[""technology_employer""]",hires,,,,,,,true,0.75,2026-08-29 03:33:27.52051+00,2026-08-29 04:07:11.016927+00,himalayas,https://himalayas.app/companies/atlanta-soundworks/jobs/lead-experience-technician-mission-success-leader
ad422ac9-4c11-5848-b544-6d6d7ac28d2f,Atlas Financial Services,,[],,,,"[""technology_employer""]",unknown,,,,,,,true,0.75,2026-10-05 09:11:38.661628+00,2026-10-05 09:11:38.661628+00,himalayas,https://himalayas.app/companies/atlas-financial-services/jobs/sr-software-engineer-3006223442
a0397ddc-35a3-5802-b554-dedc71916305,Atlys,,[],,,,"[""technology_employer""]",unknown,,,,,,,true,0.75,2026-08-29 03:34:57.580963+00,2026-08-29 04:08:59.058704+00,himalayas,https://himalayas.app/companies/atlys/jobs/city-scout-ny-sf-la
0e498a49-fdb8-519a-abbd-cf4c56837a48,Atos,,[],,,,"[""technology_employer""]",unknown,,,,,,,true,0.75,2026-10-05 09:12:26.665477+00,2026-10-05 09:12:38.661005+00,himalayas,https://himalayas.app/companies/atos/jobs/quality-analyst-remote-gb
ba2ed05f-3020-52c5-b33e-e7a7de6cdeb0,Atreides,,[],,,,"[""technology_employer""]",unknown,,,,,,,true,0.75,2026-08-29 03:51:39.247189+00,2026-08-29 04:12:45.330563+00,remoteok,https://remoteOK.com/remote-jobs/remote-dont-see-your-role-apply-here-atreides-1137186
6a689247-4af7-5425-a853-e4ba95feb7e5,Atria Physician Practice New York PC,,[],,,,"[""technology_employer""]",unknown,,,,,,,true,0.75,2026-08-29 03:28:21.512561+00,2026-08-29 04:02:04.953733+00,himalayas,https://himalayas.app/companies/atria-physician-practice-new-york-pc/jobs/senior-ai-engineer
cedc2511-9a0b-5ba8-a724-b2cbf78f064b,Attain Finance,,[],,,,"[""technology_employer""]",unknown,,,,,,,true,0.75,2026-10-05 09:19:20.681975+00,2026-10-05 09:19:20.681975+00,himalayas,https://himalayas.app/companies/attain-finance/jobs/sr-manager-digital-and-marketing-analytics
590a64ad-a59e-5a77-931c-9ebcd1e24cb3,Audio Transcription Center,,[],,,,"[""technology_employer""]",hires,,,,,,,true,0.75,2026-08-29 03:35:57.57005+00,2026-08-29 04:09:41.052746+00,himalayas,https://himalayas.app/companies/audio-transcription-center/jobs/independent-contractor-spanish-english-transcription-translation-7046229226
6bd5aeba-b6cf-5df5-bebb-cd36c6baddab,Augintel,,[],,,,"[""technology_employer""]",hires,,,,,,,true,0.75,2026-10-05 09:17:56.674561+00,2026-10-05 09:18:44.674637+00,himalayas,https://himalayas.app/companies/augintel/jobs/head-of-practice
0c069cea-cb35-5f64-957d-cf83338cce93,Autodesk,,[],,,,"[""technology_employer""]",unknown,,,,,,,true,0.75,2026-08-29 03:28:03.509287+00,2026-10-05 09:15:56.677512+00,himalayas,https://himalayas.app/companies/autodesk/jobs/preconstruction-subject-matter-expert-sme-construction-technical-sales
5f445e03-9801-572c-85a8-5fa7331af809,Auvik Networks Inc.,,[],,,,"[""technology_employer""]",unknown,,,,,,,true,0.75,2026-08-29 03:36:15.575429+00,2026-08-29 04:11:11.051731+00,himalayas,https://himalayas.app/companies/auvik-networks-inc/jobs/business-development-representative
60920e38-43a6-5d0f-b121-9690dfdcac1a,Avertium,,[],,,,"[""technology_employer""]",unknown,,,,,,,true,0.75,2026-10-05 09:11:32.667219+00,2026-10-05 09:11:32.667219+00,himalayas,https://himalayas.app/companies/avertium/jobs/account-executive
ade6db65-413c-5bf3-8ba3-0ac866496671,Avery Dennison,,[],,,,"[""technology_employer""]",unknown,,,,,,,true,0.75,2026-10-05 09:16:20.670221+00,2026-10-05 09:16:20.670221+00,himalayas,https://himalayas.app/companies/avery-dennison/jobs/it-business-analyst-oracle-fusion-sc-planning
90e9c455-37a8-57ee-ba4f-b6fbb2df8c75,Avetta,,[],,,,"[""technology_employer""]",unknown,,,,,,,true,0.75,2026-08-29 03:37:03.589648+00,2026-08-29 04:10:47.054442+00,himalayas,https://himalayas.app/companies/avetta/jobs/qhse-associate-bilingual-french-or-spanish-and-english
3738dbb4-6320-532a-8666-97accb61a736,Aya Healthcare,,[],,,,"[""technology_employer""]",unknown,,,,,,,true,0.75,2026-08-29 03:36:45.598134+00,2026-08-29 04:10:29.047641+00,himalayas,https://himalayas.app/companies/aya-healthcare/jobs/product-manager-iv
b2c09471-7d51-5227-9f5b-991aa9ea1471,Azeus Convene,,[],,,,"[""technology_employer""]",hires,,,,,,,true,0.75,2026-08-29 03:28:03.509287+00,2026-08-29 04:01:46.963713+00,himalayas,https://himalayas.app/companies/azeus-convene/jobs/regional-marketing-specialist
cf8f76f9-6ef8-5494-8955-3db2d320e4b8,Azul,,[],,,,"[""technology_employer""]",hires,,,,,,,true,0.75,2026-08-29 03:34:57.580963+00,2026-08-29 04:08:41.06438+00,himalayas,https://himalayas.app/companies/azul/jobs/business-development-representative-north-america-remote
b04f1a84-742f-5958-9a71-cc27d75d0e8d,B3 Consulting Poland,,[],,,,"[""technology_employer""]",unknown,,,,,,,true,0.75,2026-08-29 03:30:21.534057+00,2026-08-29 04:04:05.003665+00,himalayas,https://himalayas.app/companies/b3-consulting-poland/jobs/frontend-engineer-react-typescript
f7858f45-6431-5da3-9300-95485642a415,BAD Marketing,,[],,,,"[""technology_employer""]",hires,,,,,,,true,0.75,2026-08-29 03:33:33.516151+00,2026-08-29 04:07:17.017993+00,himalayas,https://himalayas.app/companies/bad-marketing/jobs/media-buyer-meta-google-direct-response-info-marketing
fb311b22-1a1d-57c4-b485-2d77730a81e6,"BCom Solutions, LLC",,[],,,,"[""technology_employer""]",unknown,,,,,,,true,0.75,2026-08-29 03:37:09.591455+00,2026-08-29 04:10:53.05209+00,himalayas,https://himalayas.app/companies/bcom-solutions-llc/jobs/senior-web-designer
2e6ee86a-f700-5e0f-b3b7-84022811e878,BDO USA,,[],,,,"[""technology_employer""]",unknown,,,,,,,true,0.75,2026-10-05 09:16:14.677171+00,2026-10-05 09:16:14.677171+00,himalayas,https://himalayas.app/companies/bdo-usa/jobs/remote-audit-senior-manager-digital-assets-crypto-exchange-treasury-blockchain
73652d97-f60d-59db-8cac-47ed5b6c4dc7,BGIS,,[],,,,"[""technology_employer""]",hires,,,,,,,true,0.75,2026-10-05 09:16:32.675924+00,2026-10-05 09:16:32.675924+00,himalayas,https://himalayas.app/companies/bgis/jobs/rcc-operating-technologist-part-time-remote
da185e27-ebd8-527e-a587-008b31b8842f,BLP Digital AG,,[],,,,"[""technology_employer""]",hires,,,,,,,true,0.75,2026-10-05 09:13:20.672265+00,2026-10-05 09:13:38.669709+00,himalayas,https://himalayas.app/companies/blp-digital-ag/jobs/product-marketing-manager-5929183755
6f622d5b-a024-5566-87bf-ba738beb9d3a,BSI,,[],,,,"[""technology_employer""]",unknown,,,,,,,true,0.75,2026-08-29 03:31:15.525534+00,2026-08-29 04:04:58.995669+00,himalayas,https://himalayas.app/companies/bsi/jobs/aerospace-management-systems-auditor-8701656653
d86ce190-ae5e-5f01-98a5-e69c294ba2d7,BTC-ECHO,,[],,,,"[""technology_employer""]",unknown,,,,,,,true,0.75,2026-10-05 09:15:56.67707+00,2026-10-05 09:15:56.67707+00,himalayas,https://himalayas.app/companies/btc-echo/jobs/subscription-growth-manager-m-w-d-3545234474
457eebe8-bedb-52af-834a-1dc5914af406,"Balco, Inc.",,[],,,,"[""technology_employer""]",unknown,,,,,,,true,0.75,2026-10-05 09:21:15.114726+00,2026-10-05 09:21:15.114726+00,remoteok,https://remoteOK.com/remote-jobs/remote-regional-sales-manager-balco-inc-1136097
b691cb2e-abd9-5200-88b5-efa38d668f36,Banner Health,,[],,,,"[""technology_employer""]",unknown,,,,,,,true,0.75,2026-08-29 03:35:45.573523+00,2026-08-29 04:09:29.058645+00,himalayas,https://himalayas.app/companies/banner-health/jobs/profee-senior-coder-surgical-cardiology
b497706d-41a6-55e4-91b7-6b52e2a21b55,Baptist Health,,[],,,,"[""technology_employer""]",hires,,,,,,,true,0.75,2026-10-05 09:15:08.670342+00,2026-10-05 09:15:08.670342+00,himalayas,https://himalayas.app/companies/baptisthealthal/jobs/epic-products-analyst-6746402850
74d006e3-1fc5-5e02-b2ff-91a90f5b8818,Basement Kings USA,,[],,,,"[""technology_employer""]",hires,,,,,,,true,0.75,2026-10-05 09:14:44.669987+00,2026-10-05 09:14:44.669987+00,himalayas,https://himalayas.app/companies/basement-kings-usa/jobs/marketing-operations-specialist-hybrid
e4339e93-6bad-5b6a-bfe9-7276969bb7d6,Be | Shaping the Future,,[],,,,"[""technology_employer""]",hires,,,,,,,true,0.75,2026-10-05 09:13:26.666733+00,2026-10-05 09:17:56.674513+00,himalayas,https://himalayas.app/companies/be-shaping-the-future/jobs/cloud-data-engineer-snowflake-bigquery-migration
a098aeb2-788d-55bb-9dd1-7ee3a71f2f0f,BeiGene,,[],,,,"[""technology_employer""]",unknown,,,,,,,true,0.75,2026-08-29 03:30:39.524702+00,2026-08-29 04:04:23.025613+00,himalayas,https://himalayas.app/companies/beigene/jobs/executive-director-global-technology-service-delivery-4113164444
f51577a2-4295-5a1a-ab3d-fcfa616c0b3f,Beirut AI,,[],,,,"[""technology_employer""]",hires,,,,,,,true,0.75,2026-08-29 03:33:21.523335+00,2026-08-29 04:07:05.030807+00,himalayas,https://himalayas.app/companies/beirut-ai/jobs/student-ambassador
bb243a4e-c398-5587-a185-228c5d2a6e34,"Belden, Inc",,[],,,,"[""technology_employer""]",unknown,,,,,,,true,0.75,2026-10-05 09:13:08.664577+00,2026-10-05 09:13:08.664577+00,himalayas,https://himalayas.app/companies/belden-inc/jobs/solution-consultant-cybersecurity-practice-us
e2e809ff-3767-544c-8ec8-1360ef6cf446,Bellese,,[],,,,"[""technology_employer""]",unknown,,,,,,,true,0.75,2026-10-05 09:10:44.666471+00,2026-10-05 09:10:44.666471+00,himalayas,https://himalayas.app/companies/bellese/jobs/senior-engineer-full-stack-1089685341
1684bdf8-b333-565f-a75c-4efdb3569473,Benzinga,,[],,,,"[""technology_employer""]",hires,,,,,,,true,0.75,2026-10-05 09:21:15.112924+00,2026-10-05 09:21:15.112924+00,remoteok,https://remoteOK.com/remote-jobs/remote-ai-engineer-data-apis-benzinga-1137224
693648a4-5531-5479-8605-16a7005d6f72,Berkeley Square IT,,[],,,,"[""technology_employer""]",hires,,,,,,,true,0.75,2026-08-29 03:32:39.512067+00,2026-08-29 04:06:35.020978+00,himalayas,https://himalayas.app/companies/berkeley-square-it/jobs/salesforce-business-analyst-remoto-p-iva
f405eddd-a20d-555c-a59d-dd64c605514e,Berkley,,[],,,,"[""technology_employer""]",unknown,,,,,,,true,0.75,2026-10-05 09:16:08.675922+00,2026-10-05 09:16:08.675922+00,himalayas,https://himalayas.app/companies/berkley/jobs/software-development-engineer
74347cba-0e86-57ad-ba2b-dec766fb9515,BerryDunn,,[],,,,"[""technology_employer""]",hires,,,,,,,true,0.75,2026-10-05 09:16:50.672348+00,2026-10-05 09:17:38.672451+00,himalayas,https://himalayas.app/companies/berrydunn/jobs/credentialing-specialist
255c2ca5-3cae-5c77-be28-2a33ef64289b,Bestandsfaktor,,[],,,,"[""technology_employer""]",unknown,,,,,,,true,0.75,2026-08-29 03:33:09.496376+00,2026-08-29 04:06:53.008329+00,himalayas,https://himalayas.app/companies/bestandsfaktor/jobs/founding-software-engineer-ki-startup-koln-m-w-d
9df254e1-c067-526b-8386-b07d96126ec9,BeyondTrust,,[],,,,"[""technology_employer""]",unknown,,,,,,,true,0.75,2026-08-29 03:27:45.511543+00,2026-08-29 04:01:28.949353+00,himalayas,https://himalayas.app/companies/beyondtrust/jobs/account-executive-ii-7800138469
3795a768-e8d7-5e40-9d4b-6e597f0abbdd,Binance,,[],,,,"[""technology_employer""]",unknown,,,,,,,true,0.75,2026-08-29 03:34:21.540008+00,2026-10-05 09:16:08.676268+00,himalayas,https://himalayas.app/companies/binance/jobs/business-development-manager-vip-institutional-growth-2713777209
2c4dd09b-6fc3-5c8c-a5da-28420db5c8d1,BioDigital,,[],,,,"[""technology_employer""]",hires,,,,,,,true,0.75,2026-10-05 09:12:32.674531+00,2026-10-05 09:12:38.661348+00,himalayas,https://himalayas.app/companies/biodigital/jobs/senior-account-executive
621bd13f-1559-58c2-bbc4-462b288f42fe,Bioforum,,[],,,,"[""technology_employer""]",unknown,,,,,,,true,0.75,2026-08-29 03:33:03.522806+00,2026-08-29 04:06:47.015564+00,himalayas,https://himalayas.app/companies/bioforum/jobs/senior-biometrics-project-manager-latin-america
9d754407-ab9e-51cc-a541-e23566b81482,Bioptimus,,[],,,,"[""technology_employer""]",unknown,,,,,,,true,0.75,2026-10-05 09:13:08.664487+00,2026-10-05 09:13:08.664487+00,himalayas,https://himalayas.app/companies/bioptimus/jobs/data-scientist-clinical-data
55bfce88-9624-555b-abd9-3893b2d9f7ad,Bitwarden,,[],,,,"[""technology_employer""]",hires,,,,,,,true,0.75,2026-10-05 09:14:38.668063+00,2026-10-05 09:14:38.668063+00,himalayas,https://himalayas.app/companies/bitwarden/jobs/sales-development-representative-2649602121
beb4db60-69fb-5375-8d00-1dea96847576,Bjak,,[],,,,"[""technology_employer""]",hires,,,,,,,true,0.75,2026-08-29 03:34:57.580963+00,2026-10-05 09:21:15.112506+00,himalayas,https://himalayas.app/companies/bjak/jobs/organizational-effectiveness-manager
b89059cb-187a-5224-a445-9a5a1127e8ad,Black Pen Recruitment,,[],,,,"[""technology_employer""]",hires,,,,,,,true,0.75,2026-10-05 09:13:38.669964+00,2026-10-05 09:19:56.677149+00,himalayas,https://himalayas.app/companies/black-pen-recruitment/jobs/scrum-master-information-technology-software-remote-8668439273
6259c66e-4bc4-57b2-825c-cc51138cd081,BlinkOps,,[],,,,"[""technology_employer""]",unknown,,,,,,,true,0.75,2026-08-29 03:27:57.511396+00,2026-08-29 04:01:40.96243+00,himalayas,https://himalayas.app/companies/blinkops/jobs/account-executive-california
78f9ba5f-d35c-5f5b-8d07-36dec18094fa,Blue Acorn iCi,,[],,,,"[""technology_employer""]",hires,,,,,,,true,0.75,2026-08-29 03:31:09.507736+00,2026-08-29 04:04:58.99467+00,himalayas,https://himalayas.app/companies/blue-acorn-ici/jobs/digital-intelligence-personalization-architect-dipa-fe
327189f1-c6f9-594d-b6c3-18639249dc95,Blue Cross Blue Shield of Michigan,,[],,,,"[""technology_employer""]",unknown,,,,,,,true,0.75,2026-10-05 09:13:02.669562+00,2026-10-05 09:17:38.6727+00,himalayas,https://himalayas.app/companies/blue-cross-blue-shield-of-michigan/jobs/senior-business-analyst-guidewire-claimcenter
3dfc189f-0582-5e6b-a78c-4755a49c0057,"Blurb, Inc.",,[],,,,"[""technology_employer""]",hires,,,,,,,true,0.75,2026-10-05 09:18:44.674742+00,2026-10-05 09:20:08.68016+00,himalayas,https://himalayas.app/companies/blurb-inc/jobs/senior-full-stack-developer
70e46516-5f4e-580b-8f85-4595985e272c,Bodwé Group,,[],,,,"[""technology_employer""]",unknown,,,,,,,true,0.75,2026-08-29 03:31:15.526534+00,2026-08-29 04:05:05.003675+00,himalayas,https://himalayas.app/companies/bodwe-group/jobs/program-analyst-real-property-support-services-rpss
c4f1cecb-1ea3-58d6-948f-6741494aa9d8,Bolt Graphics,,[],,,,"[""technology_employer""]",unknown,,,,,,,true,0.75,2026-08-29 03:33:51.551594+00,2026-08-29 04:07:35.041843+00,himalayas,https://himalayas.app/companies/bolt-graphics/jobs/rtl-design-microarchitecture-engineer-india
3565e799-7906-5f75-b737-7df95f9b5d19,Bosta,,[],,,,"[""technology_employer""]",unknown,,,,,,,true,0.75,2026-08-28 15:53:15.323833+00,2026-08-29 04:12:45.333563+00,remoteok,https://remoteOK.com/remote-jobs/remote-ap-accountant-bosta-1137124
bab3fbdb-33a7-55ba-a709-221098732d31,Boston Medical Center,,[],,,,"[""technology_employer""]",unknown,,,,,,,true,0.75,2026-08-29 03:30:33.52278+00,2026-08-29 04:04:16.992606+00,himalayas,https://himalayas.app/companies/boston-medical-center/jobs/director-of-telecommunications
13fea8e0-f0f4-5192-941c-dbcf22555b0c,Bridge,,"[""Bridge Talent Management""]",,,,"[""technology_employer""]",unknown,,,,,,,true,0.75,2026-08-29 03:31:03.508572+00,2026-10-05 09:20:26.684503+00,himalayas,https://himalayas.app/companies/bridge/jobs/senior-sales-director-franchise
b29cf621-8de0-5fd2-9839-16361b19100b,Bridgenext,,[],,,,"[""technology_employer""]",unknown,,,,,,,true,0.75,2026-10-05 09:15:38.723221+00,2026-10-05 09:20:32.72774+00,himalayas,https://himalayas.app/companies/bridgenext/jobs/senior-qa-engineer-manual-automation-medtech
9590ed07-2eac-5b70-a3f4-8463b15b929a,Bridgeway Benefit Technologies,,[],,,,"[""technology_employer""]",hires,,,,,,,true,0.75,2026-08-29 03:35:57.571049+00,2026-08-29 04:10:59.048526+00,himalayas,https://himalayas.app/companies/bridgeway-benefit-technologies/jobs/project-manager
a6f13f19-581a-5940-bafe-8f248565b913,Bright Vision Technologies,,[],,,,"[""technology_employer""]",hires,,,,,,,true,0.75,2026-08-29 03:36:45.598134+00,2026-08-29 04:11:05.059436+00,himalayas,https://himalayas.app/companies/bright-vision-technologies/jobs/cloud-systems-architect-2894861618
ee2b5cce-a8df-520d-ad1a-21214e87fe15,BrightHire,,[],,,,"[""technology_employer""]",hires,,,,,,,true,0.75,2026-08-29 03:37:03.590647+00,2026-08-29 04:10:47.055437+00,himalayas,https://himalayas.app/companies/brighthire-com/jobs/senior-staff-full-stack-ai-engineer
72133b0d-53be-5e35-8566-b3e9c2ab457c,BrightSpring Health Services,,[],,,,"[""technology_employer""]",hires,,,,,,,true,0.75,2026-10-05 09:17:26.673389+00,2026-10-05 09:17:26.673389+00,himalayas,https://himalayas.app/companies/brightspring-health-services/jobs/authorization-specialist
f13ba730-b3dc-5026-b39a-230b65cc3694,Brightidea,,[],,,,"[""technology_employer""]",unknown,,,,,,,true,0.75,2026-08-29 03:36:03.55631+00,2026-08-29 04:09:47.040484+00,himalayas,https://himalayas.app/companies/brightidea/jobs/platform-implementation-consultant
bc89138f-37ef-5025-82c7-f2459a7ff57c,Brightside Health,,[],,,,"[""technology_employer""]",unknown,,,,,,,true,0.75,2026-08-29 03:30:57.532184+00,2026-08-29 04:04:41.005202+00,himalayas,https://himalayas.app/companies/brightside/jobs/staff-software-engineer-growth
4480a1c3-7c4c-537a-83ed-85bf4d777ce3,Broadcom,,[],,,,"[""technology_employer""]",unknown,,,,,,,true,0.75,2026-08-29 03:31:15.525534+00,2026-08-29 04:04:58.995669+00,himalayas,https://himalayas.app/companies/broadcom/jobs/senior-program-manager-global-professional-services-channel-programs
678bf597-ee2c-53a2-bdbb-5ff5f85ae2ce,Brompton Associates Pte Ltd,,[],,,,"[""technology_employer""]",unknown,,,,,,,true,0.75,2026-10-05 09:18:44.674495+00,2026-10-05 09:18:44.674495+00,himalayas,https://himalayas.app/companies/brompton-associates-pte-ltd/jobs/data-engineer
82883557-cc9a-5784-8574-49fc82cc8657,Brookdale,,[],,,,"[""technology_employer""]",unknown,,,,,,,true,0.75,2026-10-05 09:18:26.68131+00,2026-10-05 09:18:26.68131+00,himalayas,https://himalayas.app/companies/brookdale/jobs/solutions-engineer-ii
a2d9f92a-7664-5de6-9cf9-ff2b6f375261,BrowserStack,,[],,,,"[""technology_employer""]",hires,,,,,,,true,0.75,2026-08-29 03:36:45.598134+00,2026-08-29 04:10:29.047641+00,himalayas,https://himalayas.app/companies/browserstack/jobs/business-development-representative
01d81155-ba6b-5b66-8316-82cb74d05946,Bryant Park Consulting,,[],,,,"[""technology_employer""]",unknown,,,,,,,true,0.75,2026-08-29 03:35:39.537977+00,2026-08-29 04:10:47.055437+00,himalayas,https://himalayas.app/companies/bryant-park-consulting/jobs/senior-netsuite-consultant-data-analytics
6e4baa34-56a4-526e-b795-a0cafa814743,Buildots,,[],,,,"[""technology_employer""]",unknown,,,,,,,true,0.75,2026-10-05 09:15:02.668234+00,2026-10-05 09:15:02.668234+00,himalayas,https://himalayas.app/companies/buildots/jobs/enterprise-account-executive-data-centers
0c54e9e8-96ee-5944-99a1-ff0254082cc7,Businessolver,,[],,,,"[""technology_employer""]",unknown,,,,,,,true,0.75,2026-08-29 03:35:21.553438+00,2026-08-29 04:10:53.049975+00,himalayas,https://himalayas.app/companies/businessolver/jobs/client-services-manager
90235ab0-a5b8-58d7-a6b3-0cc9b2a2df95,Bybit,,[],,,,"[""technology_employer""]",hires,,,,,,,true,0.75,2026-10-05 09:16:02.670569+00,2026-10-05 09:21:15.114006+00,himalayas,https://himalayas.app/companies/bybit/jobs/fraud-prevention-investigation-lead-8512016983
93e90117-61cd-59bb-a589-2e94ec10abdb,ByteCrew Technologies Pvt Ltd,,[],,,,"[""technology_employer""]",hires,,,,,,,true,0.75,2026-10-05 09:18:08.677548+00,2026-10-05 09:18:08.677548+00,himalayas,https://himalayas.app/companies/bytecrew-technologies-pvt-ltd/jobs/saas-sales-executive-islamabad
8b3fd911-4ba8-550d-b9c2-e8e020e67970,C the Signs,,[],,,,"[""technology_employer""]",unknown,,,,,,,true,0.75,2026-08-29 03:30:27.509636+00,2026-08-29 04:04:11.003607+00,himalayas,https://himalayas.app/companies/c-the-signs/jobs/product-designer
05b88085-e9ec-5bdf-8778-6c2bd1244d25,CBCS,,[],,,,"[""technology_employer""]",unknown,,,,,,,true,0.75,2026-08-29 03:36:39.5702+00,2026-08-29 04:11:11.051731+00,himalayas,https://himalayas.app/companies/cbcs/jobs/workers-compensation-claims-adjuster
d5b4688e-3dec-5f10-a19e-5516b5b96c28,CI&T,,[],,,,"[""technology_employer""]",unknown,,,,,,,true,0.75,2026-10-05 09:11:26.666267+00,2026-10-05 09:11:26.666267+00,himalayas,https://himalayas.app/companies/ci-t/jobs/job-32044-senior-data-developer-colombia
54f3831f-386f-5203-80f2-95e6ed505d76,CSI,,[],,,,"[""technology_employer""]",unknown,,,,,,,true,0.75,2026-08-29 03:30:57.530672+00,2026-08-29 04:04:41.005202+00,himalayas,https://himalayas.app/companies/csi/jobs/enterprise-banking-relationship-manager
7eda7a10-6517-56c4-89d0-85cd2d5973aa,CST Connections,,[],,,,"[""technology_employer""]",unknown,,,,,,,true,0.75,2026-08-29 03:30:21.534057+00,2026-08-29 04:04:05.002665+00,himalayas,https://himalayas.app/companies/cst-connections/jobs/virtual-assistant-opportunities
afc78799-d7f9-52e6-acbe-0ad187e3e55d,Calbright College,,[],,,,"[""technology_employer""]",hires,,,,,,,true,0.75,2026-10-05 09:16:02.670602+00,2026-10-05 09:16:02.670602+00,himalayas,https://himalayas.app/companies/calbright-college/jobs/deputy-associate-general-counsel-5559581096
d58cb3de-0189-5105-898f-a370b2a8819a,Caliberly,,[],,,,"[""technology_employer""]",unknown,,,,,,,true,0.75,2026-10-05 09:12:56.667739+00,2026-10-05 09:17:14.674415+00,himalayas,https://himalayas.app/companies/caliberly/jobs/lead-backend-developer
5e2c59d4-5e45-534e-a587-34ca7cb85045,Cambium Learning Group,,[],,,,"[""technology_employer""]",hires,,,,,,,true,0.75,2026-08-29 03:31:03.508572+00,2026-08-29 04:04:53.017897+00,himalayas,https://himalayas.app/companies/cambium-learning-group/jobs/senior-software-engineer-ai-applications-267683929
d7ac1c48-858a-55ca-b10a-20c4924247fc,Canadian Solar EMEA GmbH,,[],,,,"[""technology_employer""]",hires,,,,,,,true,0.75,2026-08-29 03:31:09.507736+00,2026-08-29 04:04:53.017897+00,himalayas,https://himalayas.app/companies/canadian-solar-emea-gmbh/jobs/director-of-business-development-power-solutions
f1bf3d3e-da57-582b-9be0-e16c1df59b12,Candescent,,[],,,,"[""technology_employer""]",hires,,,,,,,true,0.75,2026-08-29 03:35:51.574879+00,2026-08-29 04:09:35.071689+00,himalayas,https://himalayas.app/companies/candescent/jobs/support-engineer-iii-care-advisor
e545d179-fff4-57f0-881b-b33765d7977f,CannonDesign,,[],,,,"[""technology_employer""]",hires,,,,,,,true,0.75,2026-08-29 03:37:15.60401+00,2026-08-29 04:10:59.050675+00,himalayas,https://himalayas.app/companies/cannondesign/jobs/mechanical-iii
50203fb1-17b3-56a7-af0e-cc343997c742,Canonical,,[],,,,"[""technology_employer""]",hires,,,,,,,true,0.75,2026-08-29 03:33:33.516151+00,2026-10-05 09:12:56.667102+00,himalayas,https://himalayas.app/companies/canonical/jobs/distributed-systems-testing-software-engineer-python-go
39bd377b-ed6a-5fd6-b1ae-592e4a1689c4,Canopy Growth Corporation,,[],,,,"[""technology_employer""]",unknown,,,,,,,true,0.75,2026-08-28 15:53:15.326841+00,2026-08-28 15:53:35.840926+00,remoteok,https://remoteOK.com/remote-jobs/remote-trimmer-canopy-growth-corporation-1136997
38fdd50f-3b2e-5d9e-aca3-944662d27bb4,Canvas Medical,,[],,,,"[""technology_employer""]",unknown,,,,,,,true,0.75,2026-10-05 09:12:32.67395+00,2026-10-05 09:12:38.660932+00,himalayas,https://himalayas.app/companies/canvas-medical/jobs/solutions-consultant
61d97991-7f9c-52ee-8b32-8cf3580f2a5d,Capcon Asia,,[],,,,"[""technology_employer""]",unknown,,,,,,,true,0.75,2026-10-05 09:18:26.681681+00,2026-10-05 09:18:26.681681+00,himalayas,https://himalayas.app/companies/capcon-asia/jobs/senior-customer-success-account-manager
ba78e546-d4ff-5789-9a63-8bca23801a00,Capital Blue Cross,,[],,,,"[""technology_employer""]",unknown,,,,,,,true,0.75,2026-10-05 09:15:20.671688+00,2026-10-05 09:15:20.671688+00,himalayas,https://himalayas.app/companies/capital-blue-cross/jobs/client-services-pharmacy-support-analyst
ae02cfbb-5884-5cb7-bf08-92f1b054e884,Capitalize Consulting,,[],,,,"[""technology_employer""]",unknown,,,,,,,true,0.75,2026-08-29 03:33:33.516151+00,2026-08-29 04:07:17.017993+00,himalayas,https://himalayas.app/companies/capitalize-consulting/jobs/office-of-finance-consultant
a4634acd-1bf6-5159-ad84-7e75504928d8,Capps,,[],,,,"[""technology_employer""]",hires,,,,,,,true,0.75,2026-10-05 09:12:56.667147+00,2026-10-05 09:12:56.667147+00,himalayas,https://himalayas.app/companies/capps/jobs/systems-analyst-v-100-remote-in-texas-austin-tx
21715058-cbcf-5009-bcc3-ffe6204907e7,Carboline,,[],,,,"[""technology_employer""]",unknown,,,,,,,true,0.75,2026-10-05 09:16:50.672719+00,2026-10-05 09:16:50.672719+00,himalayas,https://himalayas.app/companies/carboline/jobs/business-analyst-wti
2132b1eb-5cbb-5cac-94e1-37d2f9aaaad8,Cardax,,[],,,,"[""technology_employer""]",unknown,,,,,,,true,0.75,2026-08-29 03:34:21.540008+00,2026-08-29 04:08:05.03564+00,himalayas,https://himalayas.app/companies/cardax/jobs/backend-blockchain-developer-cardano-plutus-plutarch-haskell
984f8f80-6cc7-5661-9180-3a3499429568,CareSource,,[],,,,"[""technology_employer""]",unknown,,,,,,,true,0.75,2026-08-29 03:30:51.50333+00,2026-08-29 04:04:35.004505+00,himalayas,https://himalayas.app/companies/caresource/jobs/managing-actuary-medicaid-rate-advocacy
79fc2dbb-f171-5d41-8c47-504fcc8f592d,Careerswift,,[],,,,"[""technology_employer""]",unknown,,,,,,,true,0.75,2026-08-29 03:34:57.580963+00,2026-08-29 04:08:59.059705+00,himalayas,https://himalayas.app/companies/careerswift/jobs/technical-support-specialist
d9c5ddc8-6bab-594c-b3a9-5e72b20bb4f3,Carenet Health,,[],,,,"[""technology_employer""]",hires,,,,,,,true,0.75,2026-10-05 09:18:50.675355+00,2026-10-05 09:18:50.675355+00,himalayas,https://himalayas.app/companies/carenet-health/jobs/certified-medical-assistant-remote
c810f04c-f016-53b9-9e84-8364e1be2153,Carle Health,,[],,,,"[""technology_employer""]",unknown,,,,,,,true,0.75,2026-10-05 09:12:20.666683+00,2026-10-05 09:20:32.727635+00,himalayas,https://himalayas.app/companies/carlehealth/jobs/him-cert-coder-op-entry-level-coder
763441da-d701-5a21-8adc-e2f52af98a91,Carrington,,[],,,,"[""technology_employer""]",hires,,,,,,,true,0.75,2026-08-29 03:34:21.540008+00,2026-10-05 09:19:08.68422+00,himalayas,https://himalayas.app/companies/carrington/jobs/default-claims-va-qa-analyst-i
014d2fba-a1cb-5ffe-b992-2941bee6a781,Catholic Relief Services,,[],,,,"[""technology_employer""]",hires,,,,,,,true,0.75,2026-10-05 09:14:02.665251+00,2026-10-05 09:20:02.68205+00,himalayas,https://himalayas.app/companies/catholic-relief-services/jobs/program-manager-i-meal-continuity-of-integrated-health-services-cihs-projec
ff916d20-ff51-589f-984b-18999c957b87,Catylist,,[],,,,"[""technology_employer""]",unknown,,,,,,,true,0.75,2026-08-29 03:28:03.509287+00,2026-08-29 04:01:46.962712+00,himalayas,https://himalayas.app/companies/catylist/jobs/java-web-developer
82cbd506-22fd-5cdf-b9e8-32f5c0cc38de,Cayuse Holdings,,[],,,,"[""technology_employer""]",hires,,,,,,,true,0.75,2026-10-05 09:18:20.681239+00,2026-10-05 09:18:32.676716+00,himalayas,https://himalayas.app/companies/cayuse-holdings/jobs/pmo-specialist
3f3d6a54-fff3-5de7-80a5-0dc8feea5d66,Cedars-Sinai Medical Center,,[],,,,"[""technology_employer""]",unknown,,,,,,,true,0.75,2026-10-05 09:17:38.672178+00,2026-10-05 09:18:50.674825+00,himalayas,https://himalayas.app/companies/cedars-sinai-medical-center/jobs/principal-data-intelligence-analyst-pharmacy-lead-remote
54f6d3cd-fba9-5241-a9e7-164b71b994d8,Celara,,[],,,,"[""technology_employer""]",unknown,,,,,,,true,0.75,2026-10-05 09:12:26.665387+00,2026-10-05 09:12:32.674779+00,himalayas,https://himalayas.app/companies/celara/jobs/qa-automation-engineer-qb-qa-20260617-5520482177
fb038167-92dd-512b-aebc-3787a6e389f8,Cellular Sales,,[],,,,"[""technology_employer""]",unknown,,,,,,,true,0.75,2026-10-05 09:17:08.672566+00,2026-10-05 09:17:08.672566+00,himalayas,https://himalayas.app/companies/cellular-sales/jobs/it-operations-support-analyst-tier-1-759059916
eee20280-2771-5e33-a70c-ba61a28f8bee,Centene Corporation,,[],,,,"[""technology_employer""]",unknown,,,,,,,true,0.75,2026-08-29 03:30:45.525834+00,2026-08-29 04:04:29.005808+00,himalayas,https://himalayas.app/companies/centene-corporation/jobs/privacy-security-enterprise-engagement-officer
144ce876-682b-5c88-a216-90806048f325,Certified Group,,[],,,,"[""technology_employer""]",unknown,,,,,,,true,0.75,2026-08-29 03:35:45.573523+00,2026-08-29 04:09:29.057649+00,himalayas,https://himalayas.app/companies/certified-group/jobs/join-our-talent-community
f6c5bd73-cb60-5248-b55d-e815cf2727cd,Cherokee Federal,,[],,,,"[""technology_employer""]",hires,,,,,,,true,0.75,2026-10-05 09:12:14.667776+00,2026-10-05 09:17:08.673028+00,himalayas,https://himalayas.app/companies/cherokee-federal/jobs/salesforce-architect
91783b99-0fc3-54b6-8a7b-29430cb059aa,Chooose,,[],,,,"[""technology_employer""]",hires,,,,,,,true,0.75,2026-10-05 09:12:50.661578+00,2026-10-05 09:12:50.662098+00,himalayas,https://himalayas.app/companies/chooose/jobs/senior-product-manager-us-et-896376068
d72f9fa2-d53e-5489-a510-b60e2d2dc927,Cision,,[],,,,"[""technology_employer""]",unknown,,,,,,,true,0.75,2026-10-05 09:11:50.660906+00,2026-10-05 09:11:50.660906+00,himalayas,https://himalayas.app/companies/cision/jobs/staff-software-engineer
61300bf4-bc40-568d-a876-abfa554a74fd,Cisive,,[],,,,"[""technology_employer""]",unknown,,,,,,,true,0.75,2026-08-29 03:33:09.497375+00,2026-08-29 04:07:35.041843+00,himalayas,https://himalayas.app/companies/cisive/jobs/information-security-analyst
564c92f6-26aa-5c42-b28b-b0729ebe7cba,City of Hope,,[],,,,"[""technology_employer""]",unknown,,,,,,,true,0.75,2026-10-05 09:12:20.666639+00,2026-10-05 09:12:20.666639+00,himalayas,https://himalayas.app/companies/city-of-hope/jobs/associate-bioinformatics-specialist
5b5bef4a-6cf7-58a6-af99-ec511554e569,Claravine,,[],,,,"[""technology_employer""]",unknown,,,,,,,true,0.75,2026-08-29 03:33:03.521805+00,2026-08-29 04:06:47.014564+00,himalayas,https://himalayas.app/companies/claravine/jobs/senior-product-manager
c0dedef4-eb25-5310-a3ee-5003d7995a7d,Clarity RCM,,[],,,,"[""technology_employer""]",hires,,,,,,,true,0.75,2026-08-29 03:34:09.528643+00,2026-08-29 04:07:53.04868+00,himalayas,https://himalayas.app/companies/clarity-rcm/jobs/credentialing-specialist
9bc41276-176e-52b4-8130-6d7594953344,Clark-Reliance,,[],,,,"[""technology_employer""]",hires,,,,,,,true,0.75,2026-08-29 03:33:51.551594+00,2026-08-29 04:07:35.041843+00,himalayas,https://himalayas.app/companies/clark-reliance/jobs/product-sales-specialist-remote-within-texas
0d7bdaca-27a0-53f1-be80-d842842f5b9c,Classavo,,[],,,,"[""technology_employer""]",unknown,,,,,,,true,0.75,2026-08-29 03:35:09.547437+00,2026-08-29 04:08:53.073222+00,himalayas,https://himalayas.app/companies/classavo/jobs/full-stack-engineer
b10625ac-e070-5d2b-84b3-6d6feb44c51e,"Cleerly, Inc.",,[],,,,"[""technology_employer""]",unknown,,,,,,,true,0.75,2026-08-29 03:35:33.578182+00,2026-08-29 04:09:17.047095+00,himalayas,https://himalayas.app/companies/cleerly-inc/jobs/sr-software-engineer-operational-systems-team
510a0a35-2cc6-554c-b55b-7b125cb4c8b8,Clera,,[],,,,"[""technology_employer""]",unknown,,,,,,,true,0.75,2026-08-29 03:35:09.547437+00,2026-10-05 09:21:15.114198+00,himalayas,https://himalayas.app/companies/clera/jobs/full-stack-software-engineer-358437003
a07f1166-823a-559f-8ebe-852b94e8d41d,Cloud Software Group,,[],,,,"[""technology_employer""]",unknown,,,,,,,true,0.75,2026-08-29 03:30:39.524702+00,2026-08-29 04:04:23.026622+00,himalayas,https://himalayas.app/companies/cloud-software-group/jobs/lead-solutions-specialist
277106be-b43d-548a-a832-29c970f49e1d,Cloudera,,[],,,,"[""technology_employer""]",hires,,,,,,,true,0.75,2026-08-29 03:29:51.538453+00,2026-08-29 04:03:34.983407+00,himalayas,https://himalayas.app/companies/cloudera/jobs/staff-software-engineer-anywhere-cloud-rust
36c2ab86-53e7-56d7-91c2-ffecb825a435,Cloudnonic Corp,,[],,,,"[""technology_employer""]",hires,,,,,,,true,0.75,2026-10-05 09:14:44.66995+00,2026-10-05 09:14:44.66995+00,himalayas,https://himalayas.app/companies/cloudnonic-corp/jobs/semi-senior-qa-engineer-manual-automation
13888925-42f4-527a-a5a3-66ed2be42f40,Coalition Technologies,,[],,,,"[""technology_employer""]",hires,,,,,,,true,0.75,2026-08-28 15:53:10.529995+00,2026-10-05 09:21:17.598355+00,remotive,https://remotive.com/remote-jobs/marketing/remote-office-assistant-1680495
8dd3b8aa-bb4f-581d-aa32-0ad4555ad305,Cognitive Medical Systems,,[],,,,"[""technology_employer""]",unknown,,,,,,,true,0.75,2026-08-29 03:36:15.575429+00,2026-08-29 04:09:59.034937+00,himalayas,https://himalayas.app/companies/cognitive-medical-systems/jobs/it-engineer-apple-ecosystem-end-user-security-remote-wfh
ee69cf5a-58f4-576e-8072-59a2d635c80c,Cogstate,,[],,,,"[""technology_employer""]",unknown,,,,,,,true,0.75,2026-08-29 03:27:45.510543+00,2026-08-29 04:01:28.949353+00,himalayas,https://himalayas.app/companies/cogstate/jobs/clinical-trial-associate-associate-rater-services
f049a1c5-b111-5b01-9096-d7d068986543,Coinbase,,[],,,,"[""technology_employer""]",hires,,,,,,,true,0.75,2026-10-05 09:13:02.668626+00,2026-10-05 09:13:02.668626+00,himalayas,https://himalayas.app/companies/coinbase/jobs/senior-data-scientist-product
a16500f5-8ff6-5ac1-89cb-0518f29d9b2d,Colla Health,,[],,,,"[""technology_employer""]",hires,,,,,,,true,0.75,2026-08-29 03:36:33.584174+00,2026-08-29 04:10:17.048746+00,himalayas,https://himalayas.app/companies/colla-health/jobs/associate-behavioral-health-care-manager
0b2d6f2a-5510-5aee-9bf8-74380852d2a5,Comfrt,,[],,,,"[""technology_employer""]",unknown,,,,,,,true,0.75,2026-08-29 03:28:03.509287+00,2026-08-29 04:01:58.967447+00,himalayas,https://himalayas.app/companies/comfrt/jobs/director-of-quality-assurance
2a156a5f-6569-53ca-8aa2-a9765ed4a710,CommandLink,,[],,,,"[""technology_employer""]",hires,,,,,,,true,0.75,2026-08-29 03:31:03.50757+00,2026-08-29 04:04:46.996309+00,himalayas,https://himalayas.app/companies/commandlink/jobs/staff-software-engineer-classification-discovery-1060355550
d5063a76-11fe-511f-baec-d0de6707c6ca,Common Securitization Solutions,,[],,,,"[""technology_employer""]",hires,,,,,,,true,0.75,2026-10-05 09:13:56.672783+00,2026-10-05 09:13:56.672783+00,himalayas,https://himalayas.app/companies/common-securitization-solutions/jobs/principal-cloud-solutions-architect
7d23b552-0d00-579b-9a19-c69c771cc812,Community Outreach Partners,,[],,,,"[""technology_employer""]",hires,,,,,,,true,0.75,2026-08-29 03:33:57.538245+00,2026-08-29 04:07:41.034309+00,himalayas,https://himalayas.app/companies/community-outreach-partners/jobs/full-stack-developer
8cc8e2f7-7efc-536a-8c9e-d4349e60efcd,CompanyCam,,[],,,,"[""technology_employer""]",hires,,,,,,,true,0.75,2026-08-29 03:36:27.578685+00,2026-08-29 04:10:11.042277+00,himalayas,https://himalayas.app/companies/companycam/jobs/senior-software-engineer-platform-2136717941
22284ab2-72a1-5bc0-a13a-1159e265b777,Compass Group USA,,[],,,,"[""technology_employer""]",hires,,,,,,,true,0.75,2026-10-05 09:11:08.667476+00,2026-10-05 09:11:14.677513+00,himalayas,https://himalayas.app/companies/compass-group-usa/jobs/director-finance-southeast-midwest-remote-rye-brook-ny-us-10573
bf031654-fec3-506b-a1d7-b6299169f880,Compassion International,,[],,,,"[""technology_employer""]",unknown,,,,,,,true,0.75,2026-08-29 03:28:21.512561+00,2026-08-29 04:02:04.953733+00,himalayas,https://himalayas.app/companies/compassion-international/jobs/developer-iii
e834cdba-7765-5e09-ba81-ca73f631fe86,Computacenter,,[],,,,"[""technology_employer""]",unknown,,,,,,,true,0.75,2026-10-05 09:11:50.661151+00,2026-10-05 09:11:50.661151+00,himalayas,https://himalayas.app/companies/computacenter/jobs/solution-architect-rack-integration-dc-compute-remote-us-remote
14fdaa3d-d044-5034-ab15-4b5f2846f371,Concentrix,,[],,,,"[""technology_employer""]",unknown,,,,,,,true,0.75,2026-08-29 03:36:39.571199+00,2026-08-29 04:10:23.038568+00,himalayas,https://himalayas.app/companies/concentrix/jobs/principal-architect-ai-gcp-agentic-stack-3992671963
963ef98f-6845-56fb-aeb6-7fc6233ba27c,Conduent,,[],,,,"[""technology_employer""]",hires,,,,,,,true,0.75,2026-10-05 09:18:08.677245+00,2026-10-05 09:18:50.675313+00,himalayas,https://himalayas.app/companies/conduent/jobs/etl-bi-application-engineer
3b33afa0-916c-5439-9274-79fbc95adc4c,ConnectWise,,[],,,,"[""technology_employer""]",unknown,,,,,,,true,0.75,2026-08-29 03:34:09.528131+00,2026-08-29 04:07:53.047683+00,himalayas,https://himalayas.app/companies/connectwise/jobs/senior-account-executive-mid-market
cfa6aebc-e779-5439-b591-5af6d78b11ec,Connection,,[],,,,"[""technology_employer""]",unknown,,,,,,,true,0.75,2026-10-05 09:15:20.6716+00,2026-10-05 09:18:26.681563+00,himalayas,https://himalayas.app/companies/connection/jobs/principal-solution-sales-executive
e3be15d8-2d3c-5aa0-a870-918acb34d239,Consilio LLC,,[],,,,"[""technology_employer""]",unknown,,,,,,,true,0.75,2026-10-05 09:14:44.669829+00,2026-10-05 09:17:20.67357+00,himalayas,https://himalayas.app/companies/consilio-llc/jobs/application-administrator
4891b9a6-1b51-5b72-aeb8-2075fdc5e40a,ControlPoint Technologies,,[],,,,"[""technology_employer""]",unknown,,,,,,,true,0.75,2026-08-29 03:28:09.509021+00,2026-08-29 04:01:52.974687+00,himalayas,https://himalayas.app/companies/controlpoint-technologies/jobs/substation-engineer-lead-remote
fe9e9182-61f2-5a88-87a6-99de6cd5634c,Contáctica,,[],,,,"[""technology_employer""]",unknown,,,,,,,true,0.75,2026-08-29 03:34:09.5276+00,2026-08-29 04:07:53.047683+00,himalayas,https://himalayas.app/companies/contactica/jobs/operations-director
0333d145-7958-5f88-8050-7c4c03c9638c,ConverseNow.ai,,[],,,,"[""technology_employer""]",unknown,,,,,,,true,0.75,2026-10-05 09:12:38.660968+00,2026-10-05 09:12:38.660968+00,himalayas,https://himalayas.app/companies/conversenow-ai/jobs/back-end-developer-job-id-2266-2823013905
b8b6ae96-edb1-5d91-93c5-bfeb52572ff7,Coogee Chemicals,,[],,,,"[""technology_employer""]",unknown,,,,,,,true,0.75,2026-08-28 15:53:15.322329+00,2026-08-29 04:12:45.332564+00,remoteok,https://remoteOK.com/remote-jobs/remote-general-interest-position-coogee-chemicals-1137166
5ed30ab3-bf4c-5719-b038-54b7d7c1bda5,CookUnity,,[],,,,"[""technology_employer""]",unknown,,,,,,,true,0.75,2026-10-05 09:10:56.661556+00,2026-10-05 09:10:56.661556+00,himalayas,https://himalayas.app/companies/cookunity/jobs/senior-growth-designer-acquisition-offers
32ba036e-c6b5-5f27-8686-8783bc6f074c,CooperSurgical,,[],,,,"[""technology_employer""]",hires,,,,,,,true,0.75,2026-08-29 03:34:15.54335+00,2026-08-29 04:07:59.030655+00,himalayas,https://himalayas.app/companies/coopersurgical/jobs/technical-product-owner
f3a29559-bce6-5afc-af38-22d057b2b949,Copeland,,[],,,,"[""technology_employer""]",unknown,,,,,,,true,0.75,2026-08-29 03:28:03.509287+00,2026-08-29 04:01:52.973689+00,himalayas,https://himalayas.app/companies/copeland/jobs/field-service-specialist-iii
b1073509-7243-58ce-903f-cd9d404b4ace,Copenhagen Optimization,,[],,,,"[""technology_employer""]",hires,,,,,,,true,0.75,2026-10-05 09:21:15.112632+00,2026-10-05 09:21:15.112632+00,remoteok,https://remoteOK.com/remote-jobs/remote-marketing-student-assistant-copenhagen-optimization-1137381
1dea6ac7-3310-5ab6-81ba-333387390170,Cornerstone Co-op,,"[""Co-op""]",,,,"[""technology_employer""]",hires,,,,,,,true,0.75,2026-10-05 09:19:50.67619+00,2026-10-05 09:20:26.684357+00,himalayas,https://himalayas.app/companies/cornerstone-co-op/jobs/technical-agronomist
f610a753-bb7f-5d68-99fa-5df04467bdc1,Corporate Chaplains of America,,[],,,,"[""technology_employer""]",hires,,,,,,,true,0.75,2026-10-05 09:14:14.6713+00,2026-10-05 09:14:14.6713+00,himalayas,https://himalayas.app/companies/corporate-chaplains-of-america/jobs/part-time-virtual-care-chaplain
384b2aea-0a92-5c9f-bca3-4469ebfe30bf,Corva,,[],,,,"[""technology_employer""]",hires,,,,,,,true,0.75,2026-08-29 03:30:57.532184+00,2026-08-29 04:04:41.005202+00,himalayas,https://himalayas.app/companies/corva/jobs/solutions-engineer-completions-latam
9aaabf24-5239-5b41-9a39-6a8d36379779,Cotiviti,,[],,,,"[""technology_employer""]",unknown,,,,,,,true,0.75,2026-08-29 03:33:45.553462+00,2026-10-05 09:20:14.681225+00,himalayas,https://himalayas.app/companies/cotiviti/jobs/senior-generative-ai-scientist-ii-3395861426
8df34e8a-64ec-5c75-ab6a-29529a4cc37d,Cozen O'Connor,,[],,,,"[""technology_employer""]",unknown,,,,,,,true,0.75,2026-10-05 09:19:14.676283+00,2026-10-05 09:19:14.676283+00,himalayas,https://himalayas.app/companies/cozen-o-connor/jobs/senior-financial-systems-engineer
62a11874-ca3a-5be6-b0c3-334c2a7cddc2,Creative Chaos,,"[""Chaos""]",,,,"[""technology_employer""]",hires,,,,,,,true,0.75,2026-08-29 03:33:39.541561+00,2026-10-05 09:21:15.113323+00,himalayas,https://himalayas.app/companies/creative-chaos/jobs/senior-software-engineer-java
33b8eb5a-61eb-5fc7-a354-fc5f7bbda1f0,Creative Force,,[],,,,"[""technology_employer""]",hires,,,,,,,true,0.75,2026-08-28 15:53:10.529995+00,2026-08-29 04:12:47.672911+00,remotive,https://remotive.com/remote-jobs/sales/sales-jedi-2091088
b24f7c6c-3e1c-5459-8f66-c3f48f1118ba,Creator Scripts,,[],,,,"[""technology_employer""]",unknown,,,,,,,true,0.75,2026-08-29 03:33:03.522806+00,2026-08-29 04:06:47.015564+00,himalayas,https://himalayas.app/companies/creator-scripts/jobs/zoho-creator-freelancer-relationship-management-solution
3ef6de83-b13d-5d04-848f-e08aa237e935,Credit Acceptance,,[],,,,"[""technology_employer""]",hires,,,,,,,true,0.75,2026-08-29 03:30:39.523703+00,2026-08-29 04:04:23.025613+00,himalayas,https://himalayas.app/companies/credit-acceptance/jobs/staff-machine-learning-engineer-employer-of-record
e0cdc8f2-808a-5fd9-bc00-b6f8f8a733d0,"Credit Wellness, LLC",,[],,,,"[""technology_employer""]",hires,,,,,,,true,0.75,2026-08-28 15:53:10.529995+00,2026-10-05 09:21:17.598408+00,remotive,https://remotive.com/remote-jobs/sales/inside-sales-contractor-2086540
0b05bc24-cdae-52cd-8f7e-828f4092712c,Cresta,,[],,,,"[""technology_employer""]",unknown,,,,,,,true,0.75,2026-08-29 03:27:57.510867+00,2026-08-29 04:10:35.039863+00,himalayas,https://himalayas.app/companies/cresta/jobs/forward-deployed-engineer-ai-agent
02ecdc96-3869-5cdb-9a18-be47651f7c6a,Crewfare,,[],,,,"[""technology_employer""]",unknown,,,,,,,true,0.75,2026-10-05 09:16:44.678215+00,2026-10-05 09:16:44.678215+00,himalayas,https://himalayas.app/companies/crewfare/jobs/full-stack-typescript-developer
fad1db55-5718-5e0c-9384-ccd992b8d3bb,Cribl,,[],,,,"[""technology_employer""]",hires,,,,,,,true,0.75,2026-10-05 09:12:02.664702+00,2026-10-05 09:12:02.664702+00,himalayas,https://himalayas.app/companies/cribl/jobs/software-engineer-core-platform-3173908664
2917fcf2-d9b8-5fed-b558-1cfd48766be9,Critical Environment Technologies,,[],,,,"[""technology_employer""]",unknown,,,,,,,true,0.75,2026-08-29 03:33:09.497375+00,2026-08-29 04:06:53.009327+00,himalayas,https://himalayas.app/companies/critical-environment-technologies/jobs/regional-account-manager
4a7ae2b4-1283-5dcb-961c-da0db97a49a4,Crossing Minds,,[],,,,"[""technology_employer""]",unknown,,,,,,,true,0.75,2026-10-05 09:12:44.662983+00,2026-10-05 09:12:50.661817+00,himalayas,https://himalayas.app/companies/crossing-minds/jobs/customer-success-manager-5734596323
ba0d1229-db8d-52ee-bcb8-2beeb57a2f4f,CrossnoKaye,,[],,,,"[""technology_employer""]",hires,,,,,,,true,0.75,2026-08-29 03:35:27.583773+00,2026-08-29 04:10:41.048818+00,himalayas,https://himalayas.app/companies/crossnokaye/jobs/go-to-market-gtm-talent-community
029426c9-3da1-57b7-ac34-aaea71f4e68c,Crowdstrike,,[],,,,"[""technology_employer""]",unknown,,,,,,,true,0.75,2026-08-29 03:37:09.591455+00,2026-10-05 09:19:44.678935+00,himalayas,https://himalayas.app/companies/crowdstrike/jobs/sr-linux-systems-engineer-object-storage
68312926-03f1-5d2b-bffe-57a261a90f4f,Crum & Forster,,[],,,,"[""technology_employer""]",unknown,,,,,,,true,0.75,2026-10-05 09:14:20.670584+00,2026-10-05 09:17:02.67734+00,himalayas,https://himalayas.app/companies/crum-forster/jobs/director-claims-program-management-occupational-risk-remote
25d8f9ae-48d2-5bb9-8915-c569b480c271,Crump Life Insurance Services,,[],,,,"[""technology_employer""]",unknown,,,,,,,true,0.75,2026-08-29 03:33:27.52151+00,2026-08-29 04:07:11.016927+00,himalayas,https://himalayas.app/companies/crump-life-insurance-services/jobs/sales-support-associate
95e5ca98-7555-5032-a93f-28beb818d636,Crystalia Glass LLC,,[],,,,"[""technology_employer""]",hires,,,,,,,true,0.75,2026-10-05 09:21:15.11389+00,2026-10-05 09:21:15.11389+00,remoteok,https://remoteOK.com/remote-jobs/remote-engineer-estimator-crystalia-glass-llc-1136878
fb3e4d67-3e18-536f-8b43-926213c150b8,Culmen International,,[],,,,"[""technology_employer""]",unknown,,,,,,,true,0.75,2026-10-05 09:18:38.679211+00,2026-10-05 09:18:38.679211+00,himalayas,https://himalayas.app/companies/culmen-international/jobs/forensics-advisors-instructors-396275916
f55a3c10-ef7e-5753-8e24-c691ce8900a0,Cupix,,[],,,,"[""technology_employer""]",hires,,,,,,,true,0.75,2026-08-29 03:37:09.591455+00,2026-10-05 09:13:20.672219+00,himalayas,https://himalayas.app/companies/cupix/jobs/account-executive-39732384
baa81d80-dcb8-5da7-ace0-6eafcd21710b,Current,,[],,,,"[""technology_employer""]",unknown,,,,,,,true,0.75,2026-08-29 03:35:33.57718+00,2026-08-29 04:09:29.058645+00,himalayas,https://himalayas.app/companies/current/jobs/senior-webflow-engineer-temp-to-perm
ac6295fa-8622-50a6-84f6-9130fd46259b,Curvion Blue,,[],,,,"[""technology_employer""]",unknown,,,,,,,true,0.75,2026-10-05 09:13:20.672313+00,2026-10-05 09:13:20.672313+00,himalayas,https://himalayas.app/companies/curvion-blue/jobs/staff-accountant-9474912019
a92a77fc-4083-5def-ad03-e95880d85153,Cushman & Wakefield,,[],,,,"[""technology_employer""]",unknown,,,,,,,true,0.75,2026-08-29 03:37:15.602517+00,2026-08-29 04:10:59.048526+00,himalayas,https://himalayas.app/companies/cushman-wakefield/jobs/principal-engineer-6027396576
bbd262d1-5d33-552c-9be8-04a3a5e9b4e5,Customer Contact Services,,[],,,,"[""technology_employer""]",hires,,,,,,,true,0.75,2026-10-05 09:11:26.66661+00,2026-10-05 09:11:26.66661+00,himalayas,https://himalayas.app/companies/customer-contact-services/jobs/customer-service-representative
2ef49b85-450d-5fa6-ace6-316e5c94b76f,Cyera,,[],,,,"[""technology_employer""]",unknown,,,,,,,true,0.75,2026-08-29 03:37:09.591455+00,2026-08-29 04:10:53.049975+00,himalayas,https://himalayas.app/companies/cyera-com/jobs/associate-customer-success-engineer-commercial-5178081032
f39721b8-bb39-5d10-8bd8-6fdb2a2e08aa,Cygnus Payment Solutions,,[],,,,"[""technology_employer""]",unknown,,,,,,,true,0.75,2026-08-29 03:28:21.512561+00,2026-08-29 04:02:04.952733+00,himalayas,https://himalayas.app/companies/cygnus-payment-solutions/jobs/fintech-sales-agent
c79e660f-50d5-5ba9-8dd0-e0f03261e7a9,DBeaver,,[],,,,"[""technology_employer""]",hires,,,,,,,true,0.75,2026-08-29 03:35:45.573523+00,2026-08-29 04:10:11.042277+00,himalayas,https://himalayas.app/companies/dbeaver/jobs/product-marketing-manager
f0f7f2b1-ccac-51c8-adf9-6e132a3eff49,DTC Canada,,[],,,,"[""technology_employer""]",hires,,,,,,,true,0.75,2026-08-29 03:31:33.512565+00,2026-08-29 04:05:17.011697+00,himalayas,https://himalayas.app/companies/dtc-canada/jobs/accounting-assistant-assistant-e-comptable
a55f167b-bcaa-5670-90e9-b38c5e1e3d3f,DUALIS GMBH IT Solution,,[],,,,"[""technology_employer""]",unknown,,,,,,,true,0.75,2026-10-05 09:12:56.667483+00,2026-10-05 09:12:56.667483+00,himalayas,https://himalayas.app/companies/dualis-gmbh-it-solution/jobs/sales-manager-m-w-d
64c36e89-6734-514a-8d3e-ff9b8aa18c1f,Danaher,,[],,,,"[""technology_employer""]",unknown,,,,,,,true,0.75,2026-08-29 03:31:03.508572+00,2026-08-29 04:04:53.017897+00,himalayas,https://himalayas.app/companies/danaher/jobs/sales-specialist-histology-consumables-7875920630
102f0387-8159-5aed-87f5-d27581e2f809,Dart,,[],,,,"[""technology_employer""]",unknown,,,,,,,true,0.75,2026-08-28 15:53:15.325842+00,2026-08-29 04:12:45.335563+00,remoteok,https://remoteOK.com/remote-jobs/remote-project-systems-specialist-dart-1137069
ff9658f9-996f-5f0d-963e-b5cbb796db22,Datavail,,[],,,,"[""technology_employer""]",unknown,,,,,,,true,0.75,2026-10-05 09:14:08.664942+00,2026-10-05 09:14:08.664942+00,himalayas,https://himalayas.app/companies/datavail/jobs/senior-database-engineer
ce6a18df-82c6-5b9f-913c-9a8cad2c574b,Datavant,,[],,,,"[""technology_employer""]",unknown,,,,,,,true,0.75,2026-10-05 09:16:08.675958+00,2026-10-05 09:16:08.675958+00,himalayas,https://himalayas.app/companies/datavant/jobs/inpatient-audit-specialist-prn
efef736c-b673-5032-8e4d-a097dfd141a9,Dautom,,[],,,,"[""technology_employer""]",unknown,,,,,,,true,0.75,2026-10-05 09:16:56.669593+00,2026-10-05 09:19:26.682006+00,himalayas,https://himalayas.app/companies/dautom/jobs/devops-engineer
dba1a4cc-45b2-51b2-b395-51ded1f8546a,Dayforce,,[],,,,"[""technology_employer""]",hires,,,,,,,true,0.75,2026-08-29 03:30:45.525834+00,2026-08-29 04:04:29.005808+00,himalayas,https://himalayas.app/companies/dayforce/jobs/test-automation-engineer-sr
7e0e78b1-b607-5ccf-af69-754115b3b373,Dealer-FX,,[],,,,"[""technology_employer""]",unknown,,,,,,,true,0.75,2026-10-05 09:12:14.667454+00,2026-10-05 09:12:14.667454+00,himalayas,https://himalayas.app/companies/dealer-fx/jobs/business-development-representative
82f7401b-b1af-5d2a-8f46-8b90117eecd5,Decision Resources,,[],,,,"[""technology_employer""]",hires,,,,,,,true,0.75,2026-08-29 03:34:09.528643+00,2026-08-29 04:07:53.04868+00,himalayas,https://himalayas.app/companies/decision-resources/jobs/syteline-systems-engineer
afadaedf-89d2-5abf-9647-4c0f4e116049,DecisionPoint Corporation,,[],,,,"[""technology_employer""]",hires,,,,,,,true,0.75,2026-10-05 09:14:02.664772+00,2026-10-05 09:18:20.681706+00,himalayas,https://himalayas.app/companies/decisionpoint-corporation/jobs/military-onesource-mobile-application-engineer
0bce0ed7-746a-5538-b22d-03260bf85b0a,Defianx,,[],,,,"[""technology_employer""]",hires,,,,,,,true,0.75,2026-08-29 03:33:09.497375+00,2026-08-29 04:06:53.009327+00,himalayas,https://himalayas.app/companies/defianx/jobs/soc-tier-1-analyst
2f81a2a2-04a0-56bc-a11c-2007019f9c2b,Delinea,,[],,,,"[""technology_employer""]",unknown,,,,,,,true,0.75,2026-10-05 09:21:15.112137+00,2026-10-05 09:21:15.113639+00,remoteok,https://remoteOK.com/remote-jobs/remote-vp-pricing-packaging-delinea-1137407
b73da4c9-6895-52b6-8ab2-b2ebfc5d2a04,Deliver IT,,[],,,,"[""technology_employer""]",unknown,,,,,,,true,0.75,2026-08-29 03:37:03.589648+00,2026-08-29 04:10:47.054442+00,himalayas,https://himalayas.app/companies/deliver-it/jobs/desenvolvedor-ios-pleno
050e5c3c-41b5-50f3-b5ac-eaef831ac8d7,Delta Dental,,[],,,,"[""technology_employer""]",unknown,,,,,,,true,0.75,2026-10-05 09:15:26.670364+00,2026-10-05 09:15:26.670364+00,himalayas,https://himalayas.app/companies/deltadentalins/jobs/technical-product-manager-ii-platform-engineering
4d583062-330a-559b-8fd0-80e36f9158e8,Demand Chain,,[],,,,"[""technology_employer""]",unknown,,,,,,,true,0.75,2026-08-29 03:30:57.531675+00,2026-08-29 04:04:41.005202+00,himalayas,https://himalayas.app/companies/demand-chain/jobs/senior-salesforce-developer
4c21c443-d5d2-571b-9b16-58033a412857,Deploy,,[],,,,"[""technology_employer""]",unknown,,,,,,,true,0.75,2026-10-05 09:16:32.675463+00,2026-10-05 09:16:32.675463+00,himalayas,https://himalayas.app/companies/deploy/jobs/tier-1-helpdesk-300220343
e1575da5-0a4d-5a43-9e57-cba5a9e509b0,Devoteam,,[],,,,"[""technology_employer""]",unknown,,,,,,,true,0.75,2026-08-29 03:27:33.520847+00,2026-08-29 04:07:29.044348+00,himalayas,https://himalayas.app/companies/devoteam/jobs/test-lead-deploiement-et-tests-sites-hybrides-lip
7238a3fc-e092-55da-8a1a-b1682d8254b7,Diebold Nixdorf,,[],,,,"[""technology_employer""]",hires,,,,,,,true,0.75,2026-10-05 09:14:20.670095+00,2026-10-05 09:18:08.677203+00,himalayas,https://himalayas.app/companies/diebold-nixdorf/jobs/field-service-technician-hampshire-coast
df083a51-b072-5b1e-baeb-141cf60404aa,DigitalCheckIn,,[],,,,"[""technology_employer""]",unknown,,,,,,,true,0.75,2026-10-05 09:16:08.676198+00,2026-10-05 09:16:08.676198+00,himalayas,https://himalayas.app/companies/digitalcheckin/jobs/senior-customer-success-specialist-saas-m-w-d-remote-o-hybrid-vz-tz
ef0c6251-864d-52cd-a027-3b4e3fa28b1e,DistantJob,,[],,,,"[""technology_employer""]",unknown,,,,,,,true,0.75,2026-08-29 03:27:45.510543+00,2026-08-29 04:01:28.948353+00,himalayas,https://himalayas.app/companies/distantjob/jobs/sr-devops-engineer
97b379fa-c701-5aab-8939-06a18e44cd6a,Docsumo,,[],,,,"[""technology_employer""]",hires,,,,,,,true,0.75,2026-10-05 09:12:02.664107+00,2026-10-05 09:12:50.661785+00,himalayas,https://himalayas.app/companies/docsumo/jobs/director-sales-8-years-7136699496
ab343d81-911c-56c2-8ad2-fb7e7d6ec2de,DoiT International,,"[""DoiT""]",,,,"[""technology_employer""]",hires,,,,,,,true,0.75,2026-08-29 03:27:39.513402+00,2026-10-05 09:21:15.114159+00,himalayas,https://himalayas.app/companies/doit-international/jobs/account-executive-doit-cloud-intelligence-france
01c6323e-6729-5f30-8c8b-2105a07d8aa0,DomainTools,,[],,,,"[""technology_employer""]",hires,,,,,,,true,0.75,2026-10-05 09:21:15.112384+00,2026-10-05 09:21:15.112384+00,remoteok,https://remoteOK.com/remote-jobs/remote-principal-product-manager-domaintools-1137396
b65c3a21-0a0e-5c1d-b146-439e73ac5bda,Donnelley Financial Solutions,,[],,,,"[""technology_employer""]",unknown,,,,,,,true,0.75,2026-10-05 09:12:08.681486+00,2026-10-05 09:12:08.681486+00,himalayas,https://himalayas.app/companies/donnelley-financial-solutions/jobs/director-workflow-design-and-governance-us
2e0d35b1-8406-5a25-8dae-cd6d82f80726,Doordash,,[],,,,"[""technology_employer""]",unknown,,,,,,,true,0.75,2026-08-29 03:33:39.541561+00,2026-08-29 04:07:23.027407+00,himalayas,https://himalayas.app/companies/doordash/jobs/front-end-web-developer-b2b-marketing-technology-3640471405
f2253a89-1a68-50b2-bf98-382d9790e274,Doppel,,[],,,,"[""technology_employer""]",unknown,,,,,,,true,0.75,2026-10-05 09:11:56.662451+00,2026-10-05 09:11:56.662451+00,himalayas,https://himalayas.app/companies/doppel/jobs/director-of-abm-and-campaigns
9d874eb6-86ac-5a57-9559-6d702d96df3c,Dot Compliance,,[],,,,"[""technology_employer""]",hires,,,,,,,true,0.75,2026-10-05 09:11:20.682039+00,2026-10-05 09:13:02.668578+00,himalayas,https://himalayas.app/companies/dot-compliance/jobs/technical-customer-support-team-lead
ee7ca172-bd42-5c21-b7e7-ff7e3bf18274,Dumroo AI,,[],,,,"[""technology_employer""]",hires,,,,,,,true,0.75,2026-08-29 03:32:51.511313+00,2026-08-29 04:06:35.021978+00,himalayas,https://himalayas.app/companies/dumroo-ai/jobs/junior-midlevel-full-stack-developer-dumroo-ai-ai-ecosystem-for-education
e3493ff1-6f89-551a-93bc-2ffaac23f48c,EBizCharge,,[],,,,"[""technology_employer""]",unknown,,,,,,,true,0.75,2026-08-29 03:31:39.523616+00,2026-08-29 04:05:22.998149+00,himalayas,https://himalayas.app/companies/ebizcharge/jobs/sales-development-representative-united-kingdom
09dbfb0f-3187-5058-a17d-c9865654714d,EUROPEAN DYNAMICS,,[],,,,"[""technology_employer""]",unknown,,,,,,,true,0.75,2026-08-29 03:34:33.547151+00,2026-08-29 04:08:17.058564+00,himalayas,https://himalayas.app/companies/european-dynamics/jobs/it-presales-consultant-with-german
ea0079d7-99d4-54e1-9d97-667a1a1c0050,EVERSANA,,[],,,,"[""technology_employer""]",unknown,,,,,,,true,0.75,2026-10-05 09:11:44.665607+00,2026-10-05 09:11:44.665607+00,himalayas,https://himalayas.app/companies/eversana/jobs/health-innovation-junior-strategist
7cbae72d-8f0b-5aa6-b354-86515285c844,"EVS, Inc.",,[],,,,"[""technology_employer""]",hires,,,,,,,true,0.75,2026-08-29 03:30:45.525834+00,2026-08-29 04:04:29.006811+00,himalayas,https://himalayas.app/companies/evs-inc/jobs/data-engineer
0c6e0958-122b-5411-86d2-6d7ba2c536a0,EXL,,[],,,,"[""technology_employer""]",hires,,,,,,,true,0.75,2026-10-05 09:15:14.677385+00,2026-10-05 09:18:56.676572+00,himalayas,https://himalayas.app/companies/exl/jobs/senior-databricks-engineers
8023f982-fc5f-55b9-a0e7-e4217439ecbc,EXTOLL GmbH,,[],,,,"[""technology_employer""]",unknown,,,,,,,true,0.75,2026-10-05 09:15:50.670331+00,2026-10-05 09:15:50.670331+00,himalayas,https://himalayas.app/companies/extoll-gmbh/jobs/initiativbewerbung-m-w-d-1485684369
f1c80219-f700-5052-bf09-39c20dca1751,EagleBank,,[],,,,"[""technology_employer""]",unknown,,,,,,,true,0.75,2026-10-05 09:10:38.660141+00,2026-10-05 09:14:44.669915+00,himalayas,https://himalayas.app/companies/eaglebank/jobs/process-excellence-subject-matter-expert
b7c995e3-60b0-5f9d-9eb7-1df25fb551c0,Easter Seals Blake Foundation,,[],,,,"[""technology_employer""]",unknown,,,,,,,true,0.75,2026-08-29 03:29:39.521905+00,2026-08-29 04:03:22.983181+00,himalayas,https://himalayas.app/companies/easter-seals-blake-foundation/jobs/senior-data-governance-manager
a09aef52-d214-5f88-a59a-06253f5de638,Edgewater Federal Solutions,,[],,,,"[""technology_employer""]",unknown,,,,,,,true,0.75,2026-10-05 09:18:38.679343+00,2026-10-05 09:18:38.679343+00,himalayas,https://himalayas.app/companies/edgewater-federal-solutions/jobs/solutions-architect-4
526bc2c9-a925-5891-be1a-03b02b863bfe,Edify,,[],,,,"[""technology_employer""]",unknown,,,,,,,true,0.75,2026-08-29 03:27:57.510867+00,2026-08-29 04:01:40.96343+00,himalayas,https://himalayas.app/companies/edify/jobs/literacy-consultancy-for-peers
328d59f1-8bf9-5dc7-a68b-68cada16a06b,Edspired.Tech,,[],,,,"[""technology_employer""]",unknown,,,,,,,true,0.75,2026-08-28 15:53:15.324837+00,2026-08-29 04:12:45.334564+00,remoteok,https://remoteOK.com/remote-jobs/remote-quantity-surveyor-edspired-tech-1137098
fb2fa6a7-2bc8-572d-bf9d-51cc528af921,Eiva HR Solutions Ltd,,[],,,,"[""technology_employer""]",hires,,,,,,,true,0.75,2026-10-05 09:18:56.677072+00,2026-10-05 09:18:56.677072+00,himalayas,https://himalayas.app/companies/eiva-hr-solutions-ltd/jobs/accounts-assistant
11860556-f2c2-5a73-8528-ca3913fb1ab9,Elation Health,,[],,,,"[""technology_employer""]",unknown,,,,,,,true,0.75,2026-10-05 09:16:02.670463+00,2026-10-05 09:16:02.670463+00,himalayas,https://himalayas.app/companies/elation-health/jobs/technical-solutions-engineer
549a9cf7-b662-580f-90c2-23a810efa5ab,Elevate Calls Inc.,,[],,,,"[""technology_employer""]",unknown,,,,,,,true,0.75,2026-10-05 09:13:20.672738+00,2026-10-05 09:18:20.681435+00,himalayas,https://himalayas.app/companies/elevate-calls-inc/jobs/technical-support-representative-smart-alarm-security-company
cbcb8cdb-3066-5f1e-a5cc-a0f37afac7e9,Eltropy,,[],,,,"[""technology_employer""]",hires,,,,,,,true,0.75,2026-08-29 03:33:33.515152+00,2026-08-29 04:07:17.016987+00,himalayas,https://himalayas.app/companies/eltropy/jobs/sr-backend-engineer
07fcb784-ef1f-5b85-a6e4-4c4e9bffa00c,Elwood Roberts,,[],,,,"[""technology_employer""]",hires,,,,,,,true,0.75,2026-10-05 09:17:56.674804+00,2026-10-05 09:17:56.674804+00,himalayas,https://himalayas.app/companies/elwood-roberts/jobs/amos-admin
862d894b-8f53-5884-b072-819c1b070067,Ema,,[],,,,"[""technology_employer""]",unknown,,,,,,,true,0.75,2026-08-29 03:34:57.581963+00,2026-08-29 04:09:53.045674+00,himalayas,https://himalayas.app/companies/ema/jobs/partner-manager-3185178924
170cc3d2-6cd2-5c48-8c66-632558e195c4,Emerald Associates,,[],,,,"[""technology_employer""]",hires,,,,,,,true,0.75,2026-08-29 03:33:33.516151+00,2026-08-29 04:07:17.017993+00,himalayas,https://himalayas.app/companies/emerald-associates/jobs/full-cycle-developer-kotlin-java-react-canada
2986fb76-5d43-5a8e-a8af-38e02454d044,Empire Assets,,[],,,,"[""technology_employer""]",hires,,,,,,,true,0.75,2026-10-05 09:21:15.111322+00,2026-10-05 09:21:15.111322+00,remoteok,https://remoteOK.com/remote-jobs/remote-junior-crypto-analyst-trader-empire-assets-1137460
e054650f-4079-55f7-8f84-af9101433995,Empower AI Inc.,,[],,,,"[""technology_employer""]",unknown,,,,,,,true,0.75,2026-10-05 09:14:02.665072+00,2026-10-05 09:19:38.683879+00,himalayas,https://himalayas.app/companies/empower-ai-inc/jobs/tier-i-service-desk-agent-extended-hours
6798577a-e616-5f60-bc9d-21f3ff260130,EnGen,,[],,,,"[""technology_employer""]",unknown,,,,,,,true,0.75,2026-10-05 09:11:44.665464+00,2026-10-05 09:11:44.665464+00,himalayas,https://himalayas.app/companies/engen/jobs/full-stack-software-engineer-5016468904
42b469d1-cef3-5537-84ae-b9afc47439bf,EnableComp,,[],,,,"[""technology_employer""]",unknown,,,,,,,true,0.75,2026-10-05 09:11:50.661071+00,2026-10-05 09:11:50.661071+00,himalayas,https://himalayas.app/companies/enablecomp/jobs/revenue-specialist-first-party-billing-mva
430e6fd9-ebe1-54ea-90d4-a278fd85df92,EnergyPal,,[],,,,"[""technology_employer""]",hires,,,,,,,true,0.75,2026-08-29 03:32:45.528822+00,2026-08-29 04:06:29.023789+00,himalayas,https://himalayas.app/companies/energypal/jobs/solar-sales-representative-us
49ccf185-da97-5c68-a790-16662448ca8f,EngiFlex,,[],,,,"[""technology_employer""]",unknown,,,,,,,true,0.75,2026-10-05 09:14:20.670282+00,2026-10-05 09:19:08.684585+00,himalayas,https://himalayas.app/companies/engiflex/jobs/ingenieur-devops-linux
e115fcd8-e9ba-538c-af45-9751ef634b65,Engine,,[],,,,"[""technology_employer""]",unknown,,,,,,,true,0.75,2026-08-29 03:30:15.55492+00,2026-08-29 04:03:58.987539+00,himalayas,https://himalayas.app/companies/engine/jobs/sr-product-analyst-omni
78f475cb-8229-5c38-8543-9f0b80781145,Ensono,,[],,,,"[""technology_employer""]",unknown,,,,,,,true,0.75,2026-08-29 03:35:51.574879+00,2026-08-29 04:11:05.059436+00,himalayas,https://himalayas.app/companies/ensono/jobs/senior-mainframe-systems-programmer-isv-z-os-2
9c730138-b5a9-5b53-aeea-22bc7bc3796d,Entersekt,,[],,,,"[""technology_employer""]",unknown,,,,,,,true,0.75,2026-08-29 03:34:21.539009+00,2026-08-29 04:08:05.034632+00,himalayas,https://himalayas.app/companies/entersekt/jobs/senior-software-engineer-authentication-advice
7db699e5-0fd2-5110-a70f-4ac16988c5b7,Entrata,,[],,,,"[""technology_employer""]",hires,,,,,,,true,0.75,2026-10-05 09:11:56.66326+00,2026-10-05 09:11:56.66326+00,himalayas,https://himalayas.app/companies/entrata/jobs/regional-vice-president-of-sales-east-region-ic-enterprise
52940734-88e2-5446-80dd-588154b17ee0,Epson,,[],,,,"[""technology_employer""]",unknown,,,,,,,true,0.75,2026-10-05 09:12:08.682062+00,2026-10-05 09:12:08.682062+00,himalayas,https://himalayas.app/companies/epson/jobs/senior-it-architect-enterprise-ai-los-alamitos-ca-us
ffcdb9d2-a0ed-5fdb-bedb-47a3e9dc04fe,Escape Velocity Entertainment Inc,,[],,,,"[""technology_employer""]",unknown,,,,,,,true,0.75,2026-08-29 03:29:45.52785+00,2026-08-29 04:03:28.971771+00,himalayas,https://himalayas.app/companies/escape-velocity-entertainment-inc/jobs/gameplay-engineer-north-america-canada-europe-fully-remote
aee8ef71-40b1-5ba1-8b10-14c388288f64,Espresso Systems,,[],,,,"[""technology_employer""]",unknown,,,,,,,true,0.75,2026-10-05 09:11:32.667544+00,2026-10-05 09:11:38.661297+00,himalayas,https://himalayas.app/companies/espresso-systems/jobs/security-engineering-lead-8629667430
e7c64747-95a8-5a41-bef6-60a2f9a83607,Ethicrithm,,[],,,,"[""technology_employer""]",unknown,,,,,,,true,0.75,2026-10-05 09:12:56.667448+00,2026-10-05 09:12:56.667448+00,himalayas,https://himalayas.app/companies/ethicrithm/jobs/forward-deployed-engineer-experienced-usa
82aec84a-b84a-531a-a5b4-996f1e848cad,Eurofins,,[],,,,"[""technology_employer""]",unknown,,,,,,,true,0.75,2026-08-29 03:35:57.56905+00,2026-10-05 09:11:38.661126+00,himalayas,https://himalayas.app/companies/eurofins/jobs/computational-chemist
c34ff726-004b-544a-9435-f1900d19b0c9,Evinced,,[],,,,"[""technology_employer""]",hires,,,,,,,true,0.75,2026-08-29 03:36:45.598134+00,2026-08-29 04:10:29.047641+00,himalayas,https://himalayas.app/companies/evinced/jobs/enterprise-account-executive-new-business
6a55e823-a829-5bb8-b215-aaf40bc41269,Evolent,,[],,,,"[""technology_employer""]",unknown,,,,,,,true,0.75,2026-08-29 03:31:09.507736+00,2026-08-29 04:04:53.017897+00,himalayas,https://himalayas.app/companies/evolent/jobs/senior-product-manager-ai-healthcare-innovation
660e8b55-8125-5b66-b8b8-a79ebd433f0b,Evolution Sports Group,,[],,,,"[""technology_employer""]",hires,,,,,,,true,0.75,2026-10-05 09:15:38.723307+00,2026-10-05 09:20:26.68487+00,himalayas,https://himalayas.app/companies/evolution-sports-group/jobs/remote-athlete-support-assistant-scheduling-coordinator
fcb96f7c-3e9f-53ac-a84e-7a33832eb04b,Evolve,,[],,,,"[""technology_employer""]",hires,,,,,,,true,0.75,2026-10-05 09:21:15.114121+00,2026-10-05 09:21:15.114121+00,remoteok,https://remoteOK.com/remote-jobs/remote-staff-software-engineer-evolve-1136447
64a181ed-a521-5122-a367-cfbc21458397,Exclusive Networks USA,,[],,,,"[""technology_employer""]",unknown,,,,,,,true,0.75,2026-08-29 03:33:09.497375+00,2026-08-29 04:06:53.009327+00,himalayas,https://himalayas.app/companies/exclusive-networks-usa/jobs/crm-architect
1aa04fec-4238-5141-ada0-f872661423ef,Experian,,[],,,,"[""technology_employer""]",unknown,,,,,,,true,0.75,2026-10-05 09:11:50.660554+00,2026-10-05 09:11:50.660554+00,himalayas,https://himalayas.app/companies/experian/jobs/especialista-de-desenvolvimento-de-software-ii
3c80d4a2-69aa-5b77-b5ea-f189fedaca36,Expert VA,,[],,,,"[""technology_employer""]",hires,,,,,,,true,0.75,2026-08-29 03:30:39.523703+00,2026-08-29 04:04:23.024616+00,himalayas,https://himalayas.app/companies/expert-va/jobs/director-of-business-systems-automation
57252663-e0ef-5e09-8451-867b1b33cc85,Express Chipping,,[],,,,"[""technology_employer""]",unknown,,,,,,,true,0.75,2026-10-05 09:11:20.682293+00,2026-10-05 09:11:20.682293+00,himalayas,https://himalayas.app/companies/express-chipping/jobs/marketing-project-manager
6f53b75d-dbce-5af9-83a4-12ac866b0da3,Extensis Group,,[],,,,"[""technology_employer""]",hires,,,,,,,true,0.75,2026-10-05 09:16:50.672757+00,2026-10-05 09:16:50.672757+00,himalayas,https://himalayas.app/companies/extensis-group/jobs/remote-clinical-director-neuropsychology
a90b25de-b550-5e82-a2b9-928f4a1ee9de,ExtraHop Networks,,[],,,,"[""technology_employer""]",unknown,,,,,,,true,0.75,2026-08-29 03:27:45.511543+00,2026-08-29 04:01:28.949353+00,himalayas,https://himalayas.app/companies/extrahop-networks/jobs/sr-software-engineer-data-science
b1b7ae19-244a-5bfb-90ea-41c40e1b48cb,EyeCarePro,,[],,,,"[""technology_employer""]",hires,,,,,,,true,0.75,2026-10-05 09:16:20.670628+00,2026-10-05 09:16:20.670628+00,himalayas,https://himalayas.app/companies/eyecarepro/jobs/senior-full-stack-developer
dabce1f1-9e2a-582c-bde0-349daf36380e,FH Black & Company,,[],,,,"[""technology_employer""]",unknown,,,,,,,true,0.75,2026-08-29 03:32:51.510308+00,2026-08-29 04:06:35.021978+00,himalayas,https://himalayas.app/companies/fh-black-company/jobs/senior-business-development-representative-7346018121
867646b6-f7cd-5ac5-a2f6-bf265d850bbe,FHI 360,,[],,,,"[""technology_employer""]",unknown,,,,,,,true,0.75,2026-08-29 03:36:33.583614+00,2026-08-29 04:10:17.047747+00,himalayas,https://himalayas.app/companies/fhi-360/jobs/project-manager-management-operations2026201130
06876982-2b5a-567b-8e43-c0231dbd9366,FICO,,[],,,,"[""technology_employer""]",hires,,,,,,,true,0.75,2026-08-29 03:31:15.525534+00,2026-08-29 04:10:11.042277+00,himalayas,https://himalayas.app/companies/fico/jobs/platform-solution-sales-exec-partner-alliances
ccc47462-d61c-52ac-a830-b329cd8f47ce,FIS Gruppe,,[],,,,"[""technology_employer""]",unknown,,,,,,,true,0.75,2026-10-05 09:12:32.674199+00,2026-10-05 09:12:32.674199+00,himalayas,https://himalayas.app/companies/fis-gruppe/jobs/senior-sales-manager-ai-data-solutions-m-w-d-bundesweit-homeoffice-de
67ae3d97-b770-5944-9ecf-2d1f0d45adf9,FPT Asia Pacific Pte Ltd,,[],,,,"[""technology_employer""]",unknown,,,,,,,true,0.75,2026-08-29 03:32:39.512067+00,2026-08-29 04:06:23.011768+00,himalayas,https://himalayas.app/companies/fpt-asia-pacific-pte-ltd/jobs/m09-software-developer-backend-database-api-specialist
a4b92f23-297e-50ac-b5f5-1adcb2bf1178,FabStation,,[],,,,"[""technology_employer""]",unknown,,,,,,,true,0.75,2026-10-05 09:18:20.681163+00,2026-10-05 09:18:20.681163+00,himalayas,https://himalayas.app/companies/fabstation/jobs/intermediate-full-stack-engineer
d8a21bbc-dc1e-5b75-bd78-0e7eb773e624,Fabley,,[],,,,"[""technology_employer""]",hires,,,,,,,true,0.75,2026-08-29 03:31:45.514704+00,2026-08-29 04:05:28.997261+00,himalayas,https://himalayas.app/companies/fabley/jobs/ai-ml-operations-engineer-mlops-engineer
44b845c4-65ec-54d6-8c6c-7ea4744edd69,Fabulous,,[],,,,"[""technology_employer""]",unknown,,,,,,,true,0.75,2026-08-29 03:34:09.528131+00,2026-08-29 04:07:53.047683+00,himalayas,https://himalayas.app/companies/fabulous/jobs/founding-lead-wearables-biomarker-programs
ddb5bc6c-504a-5c75-8e0c-8159c32837dd,Featherless AI,,[],,,,"[""technology_employer""]",unknown,,,,,,,true,0.75,2026-08-29 03:35:03.568244+00,2026-08-29 04:08:47.060939+00,himalayas,https://himalayas.app/companies/featherless-ai/jobs/business-development-rep-ai-cloud-8663103848
00310be8-5526-5a78-8868-81e2c70c708c,Ferguson,,[],,,,"[""technology_employer""]",unknown,,,,,,,true,0.75,2026-08-29 03:31:27.52422+00,2026-08-29 04:05:10.998901+00,himalayas,https://himalayas.app/companies/ferguson-com/jobs/area-industrial-engineer-7519090948
4d1b2773-b86f-57df-86e2-f4cbd9aa1338,Ferrellgas,,[],,,,"[""technology_employer""]",unknown,,,,,,,true,0.75,2026-10-05 09:16:44.67825+00,2026-10-05 09:16:44.67825+00,himalayas,https://himalayas.app/companies/ferrellgas/jobs/indirect-procurement-category-manager
92c3b4f5-1344-53ce-a84d-6344414eb313,Figma,,[],,,,"[""technology_employer""]",hires,,,,,,,true,0.75,2026-08-29 03:37:21.597669+00,2026-10-05 09:14:20.670552+00,himalayas,https://himalayas.app/companies/figma/jobs/product-designer-ai-models
85d6a5a1-949f-5731-9912-6383a5bd3334,Fintrak Software Co. Ltd,,[],,,,"[""technology_employer""]",unknown,,,,,,,true,0.75,2026-08-29 03:30:15.554373+00,2026-08-29 04:03:58.987539+00,himalayas,https://himalayas.app/companies/fintrak-software-co-ltd/jobs/project-accountant-account-officer
0d1a5007-03cd-570c-8372-5196aefe605d,Fitify,,[],,,,"[""technology_employer""]",hires,,,,,,,true,0.75,2026-10-05 09:12:50.661435+00,2026-10-05 09:12:50.661435+00,himalayas,https://himalayas.app/companies/fitify/jobs/online-personal-trainer
f3e2728a-b68b-564c-bc8b-c38fbbdd7943,Five to Nine,,[],,,,"[""technology_employer""]",unknown,,,,,,,true,0.75,2026-08-29 03:30:27.509636+00,2026-08-29 04:04:11.004607+00,himalayas,https://himalayas.app/companies/five-to-nine/jobs/lead-product-manager-at-vc-backed-tech-startup-9570483125
d242fca2-8f8d-5a10-8f5d-826384589f22,Five9,,[],,,,"[""technology_employer""]",hires,,,,,,,true,0.75,2026-08-29 03:35:45.573523+00,2026-08-29 04:10:35.040867+00,himalayas,https://himalayas.app/companies/five9/jobs/telecom-engineer
08323c90-f6c3-5614-987e-2340716f20ed,Flat.mx,,[],,,,"[""technology_employer""]",unknown,,,,,,,true,0.75,2026-10-05 09:12:44.6629+00,2026-10-05 09:12:44.6629+00,himalayas,https://himalayas.app/companies/flat-mx/jobs/sr-front-end-446355236
f84278e1-d9be-5805-83d1-3f20d807abcd,Flex,,[],,,,"[""technology_employer""]",unknown,,,,,,,true,0.75,2026-08-29 03:35:57.57005+00,2026-10-05 09:11:44.665574+00,himalayas,https://himalayas.app/companies/flex-one/jobs/senior-software-engineer-backend
b1306d35-db42-5c76-8972-8d22e0f12c2f,Flocker,,[],,,,"[""technology_employer""]",hires,,,,,,,true,0.75,2026-08-29 03:33:33.516151+00,2026-08-29 04:07:17.017993+00,himalayas,https://himalayas.app/companies/flocker/jobs/founding-backend-engineer-marketplace-and-logistics-remote-usa
3635b37b-ef53-55bd-b982-c86d21db3e5e,Flosum,,[],,,,"[""technology_employer""]",unknown,,,,,,,true,0.75,2026-08-29 03:36:39.571706+00,2026-08-29 04:10:23.039082+00,himalayas,https://himalayas.app/companies/flosum/jobs/salesforce-devops-evangelist-us
69232f75-8c3b-57a2-bccb-a24a686060e3,Focal Search Pte Ltd,,[],,,,"[""technology_employer""]",hires,,,,,,,true,0.75,2026-10-05 09:16:32.675835+00,2026-10-05 09:16:32.675835+00,himalayas,https://himalayas.app/companies/focal-search-pte-ltd/jobs/sales-representative-offshore-solutions
c1c43d58-6f88-5663-8131-e2f0ef7f40e2,Forcepoint,,[],,,,"[""technology_employer""]",unknown,,,,,,,true,0.75,2026-08-29 03:30:51.50333+00,2026-08-29 04:04:35.004505+00,himalayas,https://himalayas.app/companies/forcepoint/jobs/dev-manager-dspm
81d61b93-bb27-554b-8d2c-67eee2d4af33,Ford,,[],,,,"[""technology_employer""]",hires,,,,,,,true,0.75,2026-10-05 09:14:14.670976+00,2026-10-05 09:19:38.683729+00,himalayas,https://himalayas.app/companies/ford/jobs/sr-kubernetes-platform-engineer
74f259b3-fc9a-5af7-9132-b0297598c9f5,Foreground LLC,,[],,,,"[""technology_employer""]",unknown,,,,,,,true,0.75,2026-10-05 09:15:32.669905+00,2026-10-05 09:15:32.669905+00,himalayas,https://himalayas.app/companies/foreground-llc/jobs/chief-information-security-officer
40299f23-b174-530c-9524-9750a34ad9c4,Fortis Games,,[],,,,"[""technology_employer""]",unknown,,,,,,,true,0.75,2026-08-29 03:35:39.538978+00,2026-08-29 04:09:23.034917+00,himalayas,https://himalayas.app/companies/fortis-games/jobs/aso-specialist-contractor-6-months-435717520
cf37031c-69a4-59c6-a1b8-31ecdd6bc286,Fortive,,[],,,,"[""technology_employer""]",hires,,,,,,,true,0.75,2026-10-05 09:13:44.665978+00,2026-10-05 09:18:08.677636+00,himalayas,https://himalayas.app/companies/fortive/jobs/associate-sales-representative
b79bd58a-9724-55b2-b51f-92c5ac6b50d9,Franke Group,,[],,,,"[""technology_employer""]",unknown,,,,,,,true,0.75,2026-10-05 09:12:56.667341+00,2026-10-05 09:12:56.667341+00,himalayas,https://himalayas.app/companies/franke-group/jobs/business-development-manager-commercial-kitchen-supplier-remote-remote-gb
7016563a-2e34-5013-af15-ba52331ae1c9,FreedUp,,[],,,,"[""technology_employer""]",unknown,,,,,,,true,0.75,2026-08-29 03:29:27.536462+00,2026-08-29 04:03:10.961981+00,himalayas,https://himalayas.app/companies/freedup/jobs/remote-executive-assistant-operations-ai-automation-latam
7f241d5e-59d1-5d40-8418-869378ca8998,FreedomPay,,[],,,,"[""technology_employer""]",hires,,,,,,,true,0.75,2026-10-05 09:21:15.113599+00,2026-10-05 09:21:15.113599+00,remoteok,https://remoteOK.com/remote-jobs/remote-strategic-account-executive-lodging-freedompay-1136797
abc2f975-fbc2-5d69-80e4-f426010ef0a4,Freestar,,[],,,,"[""technology_employer""]",unknown,,,,,,,true,0.75,2026-08-29 03:35:39.538978+00,2026-08-29 04:10:47.055437+00,himalayas,https://himalayas.app/companies/freestar/jobs/customer-success-manager-ad-tech-experience-required
ed16fcf8-ec15-5774-9ebe-82247d36726a,Fresche Solutions Inc,,[],,,,"[""technology_employer""]",unknown,,,,,,,true,0.75,2026-10-05 09:11:50.661227+00,2026-10-05 09:11:50.661227+00,himalayas,https://himalayas.app/companies/fresche-solutions-inc/jobs/analyste-programmeur-euse-rpg-senior-teletravail-fs435
c9fa0b4d-5b82-55a2-8f56-6b61b36066fd,Fresh Consulting,,[],,,,"[""technology_employer""]",unknown,,,,,,,true,0.75,2026-10-05 09:10:38.660449+00,2026-10-05 09:10:38.660449+00,himalayas,https://himalayas.app/companies/fresh-consulting/jobs/senior-pcb-design-engineer-allegro-altium
661b7869-4816-5eaa-b65b-c82b1c7e3e31,Fresha,,[],,,,"[""technology_employer""]",hires,,,,,,,true,0.75,2026-08-29 03:35:51.574879+00,2026-10-05 09:11:50.660598+00,himalayas,https://himalayas.app/companies/fresha/jobs/business-development-executive-rome-4094487366
13500ffa-9387-597c-aa4a-11fcb56a5de4,Full Circle,,"[""Circle""]",,,,"[""technology_employer""]",hires,,,,,,,true,0.75,2026-08-29 03:31:33.511558+00,2026-08-29 04:07:47.021908+00,himalayas,https://himalayas.app/companies/full-circle/jobs/amazon-brand-manager-client-success-manager-5643347212
84a1c59b-b290-589e-bdb0-477ab9de594c,Fulton Bank,,[],,,,"[""technology_employer""]",hires,,,,,,,true,0.75,2026-10-05 09:11:32.666784+00,2026-10-05 09:11:32.666784+00,himalayas,https://himalayas.app/companies/fult/jobs/data-and-reporting-compliance-analyst
ca2c4698-78b2-566f-9ce3-51b85f8dd2c1,Fundraise Up,,[],,,,"[""technology_employer""]",unknown,,,,,,,true,0.75,2026-10-05 09:12:08.681396+00,2026-10-05 09:12:08.681396+00,himalayas,https://himalayas.app/companies/fundraise-up/jobs/director-strategic-ecosystems-alliances
fca4b139-9dec-5191-81aa-f2ce4b44cd22,Future Processing,,[],,,,"[""technology_employer""]",unknown,,,,,,,true,0.75,2026-08-29 03:27:45.510543+00,2026-08-29 04:01:28.949353+00,himalayas,https://himalayas.app/companies/future-processing/jobs/senior-cloud-data-engineer-gcp
0e32f435-503b-5917-a723-ab071d8ec564,Fyfe,,[],,,,"[""technology_employer""]",unknown,,,,,,,true,0.75,2026-10-05 09:19:20.682078+00,2026-10-05 09:19:20.682078+00,himalayas,https://himalayas.app/companies/fyfe/jobs/senior-electrical-designer
5c5a13d4-d6c8-5e6d-8ca8-b015f09e4128,G2i,,[],,,,"[""technology_employer""]",unknown,,,,,,,true,0.75,2026-08-29 03:35:03.568244+00,2026-08-29 04:09:59.035937+00,himalayas,https://himalayas.app/companies/g2i/jobs/senior-software-engineer-javascript-typescript
9b9c6f58-a4cb-5f7b-a58e-dc76bacfa133,GAF,,[],,,,"[""technology_employer""]",unknown,,,,,,,true,0.75,2026-08-29 03:30:45.525834+00,2026-08-29 04:04:29.005808+00,himalayas,https://himalayas.app/companies/gaf/jobs/director-environmental-compliance
f0c02a39-3ec7-5f48-95fa-d185e4fff289,GATX,,[],,,,"[""technology_employer""]",hires,,,,,,,true,0.75,2026-08-29 03:30:33.523784+00,2026-10-05 09:15:08.670811+00,himalayas,https://himalayas.app/companies/gatx/jobs/lead-data-engineer
6fefdd64-801c-5be4-ab74-96b66ead9015,GCO Partners,,[],,,,"[""technology_employer""]",hires,,,,,,,true,0.75,2026-10-05 09:16:38.670017+00,2026-10-05 09:16:38.670017+00,himalayas,https://himalayas.app/companies/gco-partners/jobs/semi-senior-accountant
6091d5c3-eb3f-5d7e-b8bd-68698ec8dbdd,GEHA Health,,[],,,,"[""technology_employer""]",unknown,,,,,,,true,0.75,2026-08-29 03:36:51.601359+00,2026-08-29 04:10:35.040867+00,himalayas,https://himalayas.app/companies/geha-health/jobs/regional-sales-manager-east-coast
0a161f82-2a30-5268-a8d9-6366a542798e,GLOBAL LANGUAGE STRATEGIES,,[],,,,"[""technology_employer""]",hires,,,,,,,true,0.75,2026-08-29 03:31:21.539537+00,2026-08-29 04:05:05.003675+00,himalayas,https://himalayas.app/companies/global-language-strategies/jobs/thai-to-from-english-translator-and-or-editor
00e79039-738e-587b-891b-c89071a5e444,GP Strategies Corporation,,[],,,,"[""technology_employer""]",hires,,,,,,,true,0.75,2026-10-05 09:17:50.675123+00,2026-10-05 09:19:08.684419+00,himalayas,https://himalayas.app/companies/gp-strategies-corporation/jobs/oracle-hcm-payroll-analyst-uk-us-payroll
68d35132-78ad-5bec-8dfa-20301ca834db,GR8 Global,,[],,,,"[""technology_employer""]",unknown,,,,,,,true,0.75,2026-10-05 09:16:44.67853+00,2026-10-05 09:16:44.67853+00,himalayas,https://himalayas.app/companies/gr8-global/jobs/senior-audit-associate-affordable-housing
2031f163-a06a-5b3f-abe2-fb6be84121d5,GROW10X,,[],,,,"[""technology_employer""]",unknown,,,,,,,true,0.75,2026-10-05 09:21:15.114604+00,2026-10-05 09:21:15.114604+00,remoteok,https://remoteOK.com/remote-jobs/remote-business-development-grow10x-1136221
e0576ea8-707f-5781-9f25-e8afa1d5d358,GXO Logistics,,[],,,,"[""technology_employer""]",unknown,,,,,,,true,0.75,2026-10-05 09:12:02.664651+00,2026-10-05 09:12:02.664651+00,himalayas,https://himalayas.app/companies/gxo-logistics/jobs/operations-training-supervisor-remote-ga-us-99999
f79b29b5-6601-59aa-a994-3ffc1f815c06,Gainwell Technologies,,[],,,,"[""technology_employer""]",unknown,,,,,,,true,0.75,2026-10-05 09:11:14.677589+00,2026-10-05 09:11:14.677742+00,himalayas,https://himalayas.app/companies/gainwell-technologies/jobs/service-representative-remote-wisconsin-any-city-wi-us-99999
290903b8-e8fa-5bfc-847e-3119fd2c90a1,Garner Health,,[],,,,"[""technology_employer""]",unknown,,,,,,,true,0.75,2026-08-29 03:27:33.520847+00,2026-08-29 04:01:16.961217+00,himalayas,https://himalayas.app/companies/garner-health/jobs/senior-software-engineer-3188391327
39866b66-998e-5e32-9990-2e6340510352,Gartner,,[],,,,"[""technology_employer""]",unknown,,,,,,,true,0.75,2026-08-29 03:33:33.515152+00,2026-08-29 04:10:11.042277+00,himalayas,https://himalayas.app/companies/gartner/jobs/director-analyst-data-integration
4e895dc1-2179-51e3-bd21-2214d1bda52e,Gate,,[],,,,"[""technology_employer""]",unknown,,,,,,,true,0.75,2026-10-05 09:12:26.665132+00,2026-10-05 09:12:38.661449+00,himalayas,https://himalayas.app/companies/gate/jobs/web3-4854932206
46b51a2a-2551-57e9-9d68-30115430a8eb,Gateway,,[],,,,"[""technology_employer""]",unknown,,,,,,,true,0.75,2026-10-05 09:19:44.679448+00,2026-10-05 09:19:44.679448+00,himalayas,https://himalayas.app/companies/gateway/jobs/windows-engineer
a0b74be1-3b8d-5939-954b-3d99bc08f213,"General Dynamics - Ordnance and Tactical Systems (AR,ME,N...",,[],,,,"[""technology_employer""]",unknown,,,,,,,true,0.75,2026-10-05 09:11:20.682437+00,2026-10-05 09:14:56.669704+00,himalayas,https://himalayas.app/companies/general-dynamics-ordnance-and-tactical-systems-ar-me-n/jobs/sr-mechanical-engineer-srm-design-remote-option-available
0647c0df-4eb4-5390-b958-1e358db6e39a,General Dynamics Information Technology,,[],,,,"[""technology_employer""]",unknown,,,,,,,true,0.75,2026-08-29 03:36:33.584682+00,2026-08-29 04:10:35.039863+00,himalayas,https://himalayas.app/companies/general-dynamics-information-technology/jobs/icam-developer-sailpoint
359e115c-35d7-5fdd-af60-b1c65d7e8432,General Dynamics Mission Systems,,[],,,,"[""technology_employer""]",unknown,,,,,,,true,0.75,2026-10-05 09:13:44.666615+00,2026-10-05 09:18:50.675092+00,himalayas,https://himalayas.app/companies/general-dynamics-mission-systems/jobs/senior-software-release-engineer-3159056580
6e2e3b9c-6176-5924-a6b8-df9dcdafba96,Generate,,[],,,,"[""technology_employer""]",unknown,,,,,,,true,0.75,2026-08-29 03:33:21.523335+00,2026-08-29 04:07:05.030807+00,himalayas,https://himalayas.app/companies/generate-design/jobs/senior-software-engineer-for-disruptive-architecture-industry-startup-c-unrea
5e39417b-6cc5-593e-a3f5-03293c9e1cc2,Genesis IT Lab,,[],,,,"[""technology_employer""]",hires,,,,,,,true,0.75,2026-08-29 03:34:27.525503+00,2026-08-29 04:08:11.060637+00,himalayas,https://himalayas.app/companies/genesis-it-lab/jobs/next-js-developer
108d587a-44f9-5856-9d3e-2bb1596808fc,Genesys,,[],,,,"[""technology_employer""]",unknown,,,,,,,true,0.75,2026-10-05 09:15:56.677746+00,2026-10-05 09:15:56.677746+00,himalayas,https://himalayas.app/companies/genesys/jobs/account-director-enterprise
9eb02bc9-cc58-5dd1-bf23-398945a0a1dc,Gentiva,,[],,,,"[""technology_employer""]",unknown,,,,,,,true,0.75,2026-10-05 09:17:38.672004+00,2026-10-05 09:17:38.672004+00,himalayas,https://himalayas.app/companies/gentiva/jobs/centralized-intake-coordinator
570ef835-2c04-53db-9a77-4a1d3758a60b,George Bernard Consulting,,[],,,,"[""technology_employer""]",unknown,,,,,,,true,0.75,2026-10-05 09:18:20.68161+00,2026-10-05 09:20:32.727321+00,himalayas,https://himalayas.app/companies/george-bernard-consulting/jobs/senior-software-engineer-java-angular
c264b9c1-2a11-53de-887e-29dcad639521,Georgia Center for Child Advocacy,,[],,,,"[""technology_employer""]",unknown,,,,,,,true,0.75,2026-08-29 03:33:33.516151+00,2026-08-29 04:07:17.017993+00,himalayas,https://himalayas.app/companies/georgia-center-for-child-advocacy/jobs/data-assistant
4e30a097-0c6c-52bc-bb09-4bd3376f968f,Geosyntec Consultants,,[],,,,"[""technology_employer""]",hires,,,,,,,true,0.75,2026-10-05 09:13:26.666922+00,2026-10-05 09:18:38.679122+00,himalayas,https://himalayas.app/companies/geosyntec-consultants/jobs/mid-career-water-resources-engineer
2806bea3-c87a-5341-8350-19c36ddc40d5,Gillespies,,[],,,,"[""technology_employer""]",unknown,,,,,,,true,0.75,2026-08-29 03:32:57.652083+00,2026-08-29 04:06:47.014564+00,himalayas,https://himalayas.app/companies/gillespies/jobs/graduate-assistant-designer-freelancer
61d0d951-c7f3-5000-b1af-0e5d5e4e0294,GitLab,,[],,,,"[""technology_employer""]",unknown,,,,,,,true,0.75,2026-10-05 09:10:38.659886+00,2026-10-05 09:13:08.664626+00,himalayas,https://himalayas.app/companies/gitlab-com/jobs/finance-expression-of-interest-form
92646049-f834-5957-b27e-a6d7c5c2424a,Gloss,,[],,,,"[""technology_employer""]",unknown,,,,,,,true,0.75,2026-08-29 03:37:27.569923+00,2026-08-29 04:11:11.050731+00,himalayas,https://himalayas.app/companies/gloss/jobs/sr-rock-star-web-developer-for-u-s-digital-marketing-agency-306518556
19dec4db-93ad-5f9b-85d0-af1b0f549070,Gnosis,,[],,,,"[""technology_employer""]",unknown,,,,,,,true,0.75,2026-10-05 09:15:50.670215+00,2026-10-05 09:15:50.670215+00,himalayas,https://himalayas.app/companies/gnosis/jobs/open-application-5033716522
7e8b99d8-ab81-5179-ac6d-41594ada4b3c,GoTab,,[],,,,"[""technology_employer""]",unknown,,,,,,,true,0.75,2026-08-29 03:33:09.496376+00,2026-08-29 04:06:53.008329+00,himalayas,https://himalayas.app/companies/gotab/jobs/account-executive-family-entertainment-attractions
d70a9fc9-0256-50e0-b7b1-217b81d889c0,Goldbelt,,[],,,,"[""technology_employer""]",unknown,,,,,,,true,0.75,2026-10-05 09:15:08.670943+00,2026-10-05 09:15:08.670943+00,himalayas,https://himalayas.app/companies/goldbelt/jobs/talent-acquisition-recruiter
18a3b133-bcd0-5ea5-8a54-6d37957390ea,Goods & Services,,[],,,,"[""technology_employer""]",unknown,,,,,,,true,0.75,2026-08-29 03:27:45.510543+00,2026-08-29 04:01:28.949353+00,himalayas,https://himalayas.app/companies/goods-services/jobs/senior-quality-assurance-analyst-with-automation
a01a0193-6f59-5243-8094-12708c6fa120,"Gordon Rees Scully Mansukhani, LLP",,[],,,,"[""technology_employer""]",hires,,,,,,,true,0.75,2026-10-05 09:16:08.67575+00,2026-10-05 09:16:56.669839+00,himalayas,https://himalayas.app/companies/gordon-rees-scully-mansukhani-llp/jobs/litigation-paralegal
dcbbd89e-d2b7-57c4-8859-b86db063ac86,Grafana Labs,,[],,,,"[""technology_employer""]",hires,,,,,,,true,0.75,2026-08-29 03:31:21.540041+00,2026-08-29 04:08:05.03564+00,himalayas,https://himalayas.app/companies/grafana-labs/jobs/staff-ai-engineer-grafana-ai-ml-usa-remote
67335141-5168-5e80-9191-49bba11b4c21,Grapefruit Health,,[],,,,"[""technology_employer""]",hires,,,,,,,true,0.75,2026-10-05 09:21:15.114937+00,2026-10-05 09:21:15.114937+00,remoteok,https://remoteOK.com/remote-jobs/remote-patient-outreach-specialist-grapefruit-health-1135789
4547a77f-3617-518b-b7ff-f25819b5b10e,Graphite,,[],,,,"[""technology_employer""]",unknown,,,,,,,true,0.75,2026-08-29 03:34:03.550252+00,2026-08-29 04:07:47.021908+00,himalayas,https://himalayas.app/companies/graphitefinancial/jobs/accounting-manager-client-lead
1f25a98c-83ca-5d54-95d9-50755ffab83c,Grazitti Interactive Inc.,,[],,,,"[""technology_employer""]",unknown,,,,,,,true,0.75,2026-08-29 03:33:21.523335+00,2026-08-29 04:07:05.030807+00,himalayas,https://himalayas.app/companies/grazitti-interactive-inc/jobs/salesforce-cpq-developer-opening-in-grazitti-interactive-inc-us
19af3d63-1220-5ac3-954e-c0660cce39d1,Gridsight,,[],,,,"[""technology_employer""]",unknown,,,,,,,true,0.75,2026-10-05 09:16:14.676898+00,2026-10-05 09:16:14.677023+00,himalayas,https://himalayas.app/companies/gridsight/jobs/expression-of-interest-australia
77cf76a2-a348-5eb3-9862-a837e55c8149,Grifols,,[],,,,"[""technology_employer""]",unknown,,,,,,,true,0.75,2026-08-29 03:30:03.522978+00,2026-08-29 04:03:47.015028+00,himalayas,https://himalayas.app/companies/grifols/jobs/sr-medical-affairs-scientific-director-home-office-us-4985354286
954176ae-5a06-5fef-9ef6-1bbff4a50387,Groundswell,,[],,,,"[""technology_employer""]",unknown,,,,,,,true,0.75,2026-08-29 03:30:33.52278+00,2026-10-05 09:15:56.677322+00,himalayas,https://himalayas.app/companies/groundswell/jobs/uipath-developer
301dfc86-f0de-5236-b4ae-9e0a74b2e295,Grouper,,[],,,,"[""technology_employer""]",unknown,,,,,,,true,0.75,2026-08-29 03:33:21.523335+00,2026-08-29 04:07:11.015927+00,himalayas,https://himalayas.app/companies/grouper/jobs/chief-growth-officer-europe
465166c9-d34a-5cf5-9a71-f0e6dc0c347c,Guardhouse,,[],,,,"[""technology_employer""]",hires,,,,,,,true,0.75,2026-08-29 03:32:51.511313+00,2026-08-29 04:06:35.021978+00,himalayas,https://himalayas.app/companies/guardhouse/jobs/associate-product-manager
3ff1a39e-bb5e-57f2-9cd9-ed865249089f,Guardian Service,,[],,,,"[""technology_employer""]",unknown,,,,,,,true,0.75,2026-10-05 09:13:26.666649+00,2026-10-05 09:13:26.666649+00,himalayas,https://himalayas.app/companies/guardian-service/jobs/vice-president-of-member-experience
7b803ed8-db4d-56b8-8df1-08f3654edb0b,GuidePoint Security LLC,,[],,,,"[""technology_employer""]",unknown,,,,,,,true,0.75,2026-08-29 03:27:39.512402+00,2026-08-29 04:01:22.95183+00,himalayas,https://himalayas.app/companies/guidepoint-security-llc/jobs/sr-account-executive-northeast
a3a8f0ae-aa57-57a5-9d2b-c3100a3f1f06,Gynesonics,,[],,,,"[""technology_employer""]",unknown,,,,,,,true,0.75,2026-10-05 09:12:20.66615+00,2026-10-05 09:12:20.66615+00,himalayas,https://himalayas.app/companies/gynesonics/jobs/account-executive-houston
ddd9420f-2f93-57d4-9527-6aa7dd5da19a,H&H Tax and Business Advisors,,[],,,,"[""technology_employer""]",hires,,,,,,,true,0.75,2026-08-29 03:34:21.540008+00,2026-08-29 04:08:11.060637+00,himalayas,https://himalayas.app/companies/h-h-tax-and-business-advisors/jobs/experienced-bookkeeper
d722882a-6941-5899-8e7f-63b762ddd52f,H.W. Kaufman Financial Group,,[],,,,"[""technology_employer""]",unknown,,,,,,,true,0.75,2026-10-05 09:14:08.664976+00,2026-10-05 09:14:08.664976+00,himalayas,https://himalayas.app/companies/h-w-kaufman-financial-group/jobs/automation-test-engineer
1cbc317b-38c0-5428-9712-0f2e52acd21b,HARMAN International,,[],,,,"[""technology_employer""]",unknown,,,,,,,true,0.75,2026-08-29 03:30:21.535056+00,2026-08-29 04:04:05.003665+00,himalayas,https://himalayas.app/companies/harman-international/jobs/senior-principal-ui-ux-designer-roon-product-management-team
946dcc23-f326-5e00-9eb6-8bb94587d7c5,HII,,[],,,,"[""technology_employer""]",hires,,,,,,,true,0.75,2026-10-05 09:11:44.66543+00,2026-10-05 09:11:44.66543+00,himalayas,https://himalayas.app/companies/hii/jobs/teamcenter-administrator-plm-engineer-systems-application-analyst-3-29165-fa
fb3279a0-4337-5ba1-8dfb-ce87c2b56317,HJ Staffing,,[],,,,"[""technology_employer""]",hires,,,,,,,true,0.75,2026-10-05 09:19:56.677441+00,2026-10-05 09:19:56.677441+00,himalayas,https://himalayas.app/companies/hj-staffing/jobs/medical-director-utilization-management-634670603
d014707a-eb41-5ef8-95f6-92013a04332c,HOS247 LLC,,[],,,,"[""technology_employer""]",hires,,,,,,,true,0.75,2026-08-29 03:28:27.512561+00,2026-08-29 04:02:10.961262+00,himalayas,https://himalayas.app/companies/hos247-llc/jobs/trilingual-customer-support-agent-remote-eng-spa-rus
fd5c04f6-4312-50a8-8e34-6ccc2736561d,HP,,[],,,,"[""technology_employer""]",unknown,,,,,,,true,0.75,2026-08-29 03:33:39.541561+00,2026-08-29 04:07:23.027407+00,himalayas,https://himalayas.app/companies/hp/jobs/service-sales-specialist
01ab4414-db2f-5e7a-897c-50d31ef2c0a4,HR Acuity,,[],,,,"[""technology_employer""]",unknown,,,,,,,true,0.75,2026-10-05 09:14:14.670898+00,2026-10-05 09:14:14.670898+00,himalayas,https://himalayas.app/companies/hr-acuity/jobs/integration-specialist
28fe49ff-1a5c-56d2-8406-f79840133c97,HR Energy Recruitment Agency,,[],,,,"[""technology_employer""]",hires,,,,,,,true,0.75,2026-10-05 09:16:32.675725+00,2026-10-05 09:16:32.675725+00,himalayas,https://himalayas.app/companies/hr-energy-recruitment-agency/jobs/pv-design-engineer-freelance-ua
3bf967d4-03f9-513a-b135-ac663c8581d8,"HRTx, Inc.",,[],,,,"[""technology_employer""]",hires,,,,,,,true,0.75,2026-10-05 09:19:50.676535+00,2026-10-05 09:19:50.676535+00,himalayas,https://himalayas.app/companies/hrtx-inc/jobs/oracle-hcm-consultant
dd82b0e6-324b-5aea-9582-e884f6a2c642,HYPERTEGRITY,,[],,,,"[""technology_employer""]",hires,,,,,,,true,0.75,2026-08-29 03:34:03.55129+00,2026-08-29 04:07:47.022908+00,himalayas,https://himalayas.app/companies/hypertegrity/jobs/senior-devops-engineer-smart-city-open-source
8696422f-db56-5e5b-9241-09338601d174,Halliburton,,[],,,,"[""technology_employer""]",unknown,,,,,,,true,0.75,2026-10-05 09:11:08.667221+00,2026-10-05 09:11:08.667221+00,himalayas,https://himalayas.app/companies/halliburton/jobs/brazil-remote-software-development-team-lead-rio-de-janeiro-rj-br-291941-6021256243
563f627b-65bf-5a7b-a515-445b1b9ed22e,Harbor,,[],,,,"[""technology_employer""]",hires,,,,,,,true,0.75,2026-08-28 15:53:15.326841+00,2026-10-05 09:21:15.113246+00,remoteok,https://remoteOK.com/remote-jobs/remote-consultant-implementation-engineer-harbor-1136987
37abfbb6-6104-5476-9e3f-6d98b093eaad,Harmonic,,[],,,,"[""technology_employer""]",hires,,,,,,,true,0.75,2026-10-05 09:14:20.670616+00,2026-10-05 09:19:50.676095+00,himalayas,https://himalayas.app/companies/harmonicinc/jobs/network-design-and-system-integration-engineer-4904319683
b5ba3154-79ed-566b-996c-0210ab6e34f7,Harmony,,[],,,,"[""technology_employer""]",unknown,,,,,,,true,0.75,2026-10-05 09:12:50.661539+00,2026-10-05 09:12:50.661539+00,himalayas,https://himalayas.app/companies/harmony-io/jobs/marketing-lead-5929359693
f6a544ae-3a7e-5f7d-834f-a0f54392884d,Headspace,,[],,,,"[""technology_employer""]",hires,,,,,,,true,0.75,2026-08-29 03:30:03.524012+00,2026-08-29 04:03:47.016028+00,himalayas,https://himalayas.app/companies/headspace/jobs/tennessee-remote-mental-health-licensed-therapist-1099-contractor-925316274
af0cfd48-eed3-5722-9829-589e3c52d4a7,HealthEdge,,[],,,,"[""technology_employer""]",hires,,,,,,,true,0.75,2026-10-05 09:15:08.67086+00,2026-10-05 09:20:02.681244+00,himalayas,https://himalayas.app/companies/healthedge/jobs/technical-services-engineer
75751563-722e-50e6-b52d-3066cd11c179,HealthEquity,,[],,,,"[""technology_employer""]",unknown,,,,,,,true,0.75,2026-10-05 09:18:02.676106+00,2026-10-05 09:18:02.676106+00,himalayas,https://himalayas.app/companies/healthequity/jobs/avp-identity-access-management
246e884d-5fbf-58e3-8c84-f50483d982fa,HealthTrust Workforce Solutions,,[],,,,"[""technology_employer""]",hires,,,,,,,true,0.75,2026-10-05 09:15:02.668453+00,2026-10-05 09:15:02.668453+00,himalayas,https://himalayas.app/companies/healthtrust-workforce-solutions/jobs/teleradiologist-emergency
0e3c8e66-efe6-5703-bbb3-27d408b6d855,Healthesystems,,[],,,,"[""technology_employer""]",unknown,,,,,,,true,0.75,2026-08-29 03:37:21.597669+00,2026-08-29 04:11:05.059436+00,himalayas,https://himalayas.app/companies/healthesystems/jobs/business-intelligence-engineer-senior-remote
2fb8e2ed-e144-5937-923a-66e7d3489b87,Hearst,,[],,,,"[""technology_employer""]",unknown,,,,,,,true,0.75,2026-08-29 03:33:39.54056+00,2026-08-29 04:07:23.026406+00,himalayas,https://himalayas.app/companies/hearst/jobs/senior-devops-engineer
7b00287d-3ca5-54b7-b562-eaf03a94419f,Hercules,,[],,,,"[""technology_employer""]",unknown,,,,,,,true,0.75,2026-08-29 03:35:21.553438+00,2026-10-05 09:14:02.665106+00,himalayas,https://himalayas.app/companies/hercules/jobs/content-social-lead-7932326170
0deb66ce-0539-56fc-a285-eb21aadb957e,Hexience,,[],,,,"[""technology_employer""]",hires,,,,,,,true,0.75,2026-08-29 03:34:33.546147+00,2026-08-29 04:08:17.057563+00,himalayas,https://himalayas.app/companies/hexience/jobs/system-engineer-carbonio-ce-zimbra
4f8eae4e-cfb4-541e-8f1f-f393dd41640d,HighLevel,,[],,,,"[""technology_employer""]",unknown,,,,,,,true,0.75,2026-10-05 09:21:15.113518+00,2026-10-05 09:21:15.113518+00,remoteok,https://remoteOK.com/remote-jobs/remote-lead-product-designer-highlevel-1136841
75d6015d-6f12-5ba3-8281-f2e5214eab36,Higharc,,[],,,,"[""technology_employer""]",hires,,,,,,,true,0.75,2026-10-05 09:13:20.672781+00,2026-10-05 09:13:20.672781+00,himalayas,https://himalayas.app/companies/higharc/jobs/sr-software-engineer-geometric-modeling-cad-3914005896
98a0a438-e659-5340-a47a-56a8972d3acc,Highmark Health,,[],,,,"[""technology_employer""]",unknown,,,,,,,true,0.75,2026-08-29 03:36:21.577558+00,2026-08-29 04:10:05.0558+00,himalayas,https://himalayas.app/companies/highmark-health/jobs/director-product-management-government-segment
13c21c2d-1c91-5e88-a362-8e64bec4b550,Hire Hangar,,[],,,,"[""technology_employer""]",hires,,,,,,,true,0.75,2026-10-05 09:13:26.666029+00,2026-10-05 09:13:26.666029+00,himalayas,https://himalayas.app/companies/hire-hangar/jobs/msp-technical-support-specialist
0d66e982-ad07-5021-a2c2-6d8fab1368f9,Hive Pro,,[],,,,"[""technology_employer""]",unknown,,,,,,,true,0.75,2026-08-29 03:34:33.546147+00,2026-08-29 04:08:17.057563+00,himalayas,https://himalayas.app/companies/hive-pro/jobs/software-engineer-backend
6a251d2e-9130-5392-acf3-b28dffc560ed,Holganix,,[],,,,"[""technology_employer""]",unknown,,,,,,,true,0.75,2026-08-29 03:27:57.511977+00,2026-08-29 04:01:40.96243+00,himalayas,https://himalayas.app/companies/holganix/jobs/soil-health-specialist
3aab5c72-cf62-557e-a545-79c9c4139170,Homebase Medical,,[],,,,"[""technology_employer""]",unknown,,,,,,,true,0.75,2026-08-29 03:31:39.523616+00,2026-08-29 04:05:22.996634+00,himalayas,https://himalayas.app/companies/homebase-medical/jobs/supervisor-patient-engagement-center
4e4ed15c-690b-5a6b-a657-61f05bbfb497,Hone Health,,[],,,,"[""technology_employer""]",hires,,,,,,,true,0.75,2026-10-05 09:10:38.659961+00,2026-10-05 09:11:50.661113+00,himalayas,https://himalayas.app/companies/hone-health/jobs/rn-clinical-navigator-part-time-weekends
16ad3616-16b0-5ebe-a32b-aba001428120,Honeywell International Inc.,,[],,,,"[""technology_employer""]",unknown,,,,,,,true,0.75,2026-08-29 03:34:27.524504+00,2026-08-29 04:08:11.060637+00,himalayas,https://himalayas.app/companies/honeywell-international-inc/jobs/sr-sales-representative-honeywell-life-sciences-software-sales-remote
abd3fff5-2c6d-5696-8b73-9fe62ef7a6c1,HubSpot,,[],,,,"[""technology_employer""]",hires,,,,,,,true,0.75,2026-10-05 09:11:02.661276+00,2026-10-05 09:11:02.661276+00,himalayas,https://himalayas.app/companies/hubspot/jobs/sales-manager-corporate-4577372093
9a67f322-52d4-5477-a312-0b7e598efcb3,Hubbell Incorporated,,[],,,,"[""technology_employer""]",unknown,,,,,,,true,0.75,2026-08-29 03:29:39.521905+00,2026-08-29 04:03:22.984184+00,himalayas,https://himalayas.app/companies/hubbell-incorporated/jobs/territory-sales-manager-remote-tampa-fl-shelton-ct-us-06484-4300-3114463060
0b0f8b96-df3e-5219-bf0d-9981617b1b65,Hubble Network,,[],,,,"[""technology_employer""]",unknown,,,,,,,true,0.75,2026-08-29 03:35:39.538978+00,2026-08-29 04:09:23.034917+00,himalayas,https://himalayas.app/companies/hubble-com/jobs/senior-embedded-engineer-developer-experience
a17662f0-e6ac-5b10-8eb6-38d7b6bf0146,Hunt St,,[],,,,"[""technology_employer""]",hires,,,,,,,true,0.75,2026-08-29 03:36:51.601359+00,2026-08-29 04:10:59.049526+00,himalayas,https://himalayas.app/companies/hunt-st/jobs/va-bookkeeping-account-management-and-payroll-029-1186
240fdcea-9581-5c0e-9492-09a795f4aac4,Huzzle,,[],,,,"[""technology_employer""]",hires,,,,,,,true,0.75,2026-08-29 03:34:39.562225+00,2026-10-05 09:16:14.676938+00,himalayas,https://himalayas.app/companies/huzzle/jobs/account-executive-technology
ff8d3d2a-25ef-5ad3-8f47-a7408fc14c44,HyTechPro,,[],,,,"[""technology_employer""]",hires,,,,,,,true,0.75,2026-08-29 03:34:09.528643+00,2026-08-29 04:07:53.04868+00,himalayas,https://himalayas.app/companies/hytechpro/jobs/dynamics-crm-developer
fff45f58-9205-5dc4-a69a-38f1c0fff8b3,Hyro,,[],,,,"[""technology_employer""]",unknown,,,,,,,true,0.75,2026-10-05 09:13:08.664714+00,2026-10-05 09:13:08.664714+00,himalayas,https://himalayas.app/companies/hyro/jobs/vp-strategic-sales
013a7d12-bd1b-5204-8c74-64bd5978b2e0,ICF,,[],,,,"[""technology_employer""]",unknown,,,,,,,true,0.75,2026-08-29 03:36:09.572667+00,2026-08-29 04:10:41.048818+00,himalayas,https://himalayas.app/companies/icf/jobs/child-and-adolescent-psychiatrist
e27e9e60-b882-580f-a1fe-9ae61647499c,ICU Medical,,[],,,,"[""technology_employer""]",unknown,,,,,,,true,0.75,2026-10-05 09:17:08.672895+00,2026-10-05 09:17:08.672895+00,himalayas,https://himalayas.app/companies/icu-medical/jobs/representative-sales-support
36cb4bfe-9d08-5f07-9ba3-d5870b36440a,IHG,,[],,,,"[""technology_employer""]",unknown,,,,,,,true,0.75,2026-10-05 09:16:20.671341+00,2026-10-05 09:16:20.671341+00,himalayas,https://himalayas.app/companies/ihg/jobs/portfolio-revenue-manager-jap
901faf85-505f-55f6-96e0-f564906b22a2,INFINIDAT,,[],,,,"[""technology_employer""]",unknown,,,,,,,true,0.75,2026-08-29 03:27:51.506451+00,2026-08-29 04:01:34.977167+00,himalayas,https://himalayas.app/companies/infinidat/jobs/regional-sales-manager-dach
f033becc-c9a8-5121-94be-7943a8b727f9,INFUSEmedia,,[],,,,"[""technology_employer""]",hires,,,,,,,true,0.75,2026-08-29 03:30:27.510634+00,2026-08-29 04:04:11.005607+00,himalayas,https://himalayas.app/companies/infusemedia/jobs/senior-account-manager
8da9f6f0-5180-513f-9640-9f624365f9ba,INNERGY,,[],,,,"[""technology_employer""]",hires,,,,,,,true,0.75,2026-10-05 09:21:15.114441+00,2026-10-05 09:21:15.114441+00,remoteok,https://remoteOK.com/remote-jobs/remote-marketing-specialist-innergy-1136094
5e39c27a-23aa-5d65-aabf-e23a666ca7a5,IO Connect Services,,[],,,,"[""technology_employer""]",unknown,,,,,,,true,0.75,2026-10-05 09:11:32.666985+00,2026-10-05 09:11:32.666985+00,himalayas,https://himalayas.app/companies/io-connect-services/jobs/senior-ios-developer-2013446514
52c73d98-3254-52d1-b277-dad86811b70b,IOActive,,[],,,,"[""technology_employer""]",unknown,,,,,,,true,0.75,2026-08-29 03:33:27.52051+00,2026-08-29 04:07:11.016927+00,himalayas,https://himalayas.app/companies/ioactive/jobs/sales-manager-director
f645dea3-0bb3-5d0e-a2d2-701240ac3cd2,IQVIA,,[],,,,"[""technology_employer""]",hires,,,,,,,true,0.75,2026-10-05 09:15:14.678075+00,2026-10-05 09:19:38.683411+00,himalayas,https://himalayas.app/companies/iqvia/jobs/clinical-research-associate-ii-sponsor-dedicated-belgium-home-based-m-w-d
8e037e8e-def2-5b5b-bcb9-989b0f9732aa,ISEE,,[],,,,"[""technology_employer""]",unknown,,,,,,,true,0.75,2026-10-05 09:11:44.665189+00,2026-10-05 09:12:56.66741+00,himalayas,https://himalayas.app/companies/isee/jobs/research-scientist-machine-learning
e8d13c2c-0498-5047-82d6-4ed4e224878a,ISTA Personnel Solutions,,[],,,,"[""technology_employer""]",hires,,,,,,,true,0.75,2026-08-29 03:29:33.511881+00,2026-08-29 04:05:05.004675+00,himalayas,https://himalayas.app/companies/ista-personnel-solutions/jobs/junior-procurement-support-coordinator-est-hours
196efef5-0a82-5fa6-9f75-35867c075ae8,IT Management Corp. dba 101 VOICE,,[],,,,"[""technology_employer""]",hires,,,,,,,true,0.75,2026-08-29 03:28:39.520423+00,2026-08-29 04:02:22.947681+00,himalayas,https://himalayas.app/companies/it-management-corp-dba-101-voice/jobs/ucaas-critical-communications-sales-sled-account-manager-3754833567
1cf0c701-6c03-51cd-a6c8-eb9da0235f51,ITT Inc.,,[],,,,"[""technology_employer""]",unknown,,,,,,,true,0.75,2026-10-05 09:14:14.671197+00,2026-10-05 09:14:14.671197+00,himalayas,https://himalayas.app/companies/itt-inc/jobs/technical-sales-lead
9f5cab1b-eff4-5377-a3a0-4bb7ca933f97,Icertis,,[],,,,"[""technology_employer""]",unknown,,,,,,,true,0.75,2026-10-05 09:18:20.681271+00,2026-10-05 09:18:20.681271+00,himalayas,https://himalayas.app/companies/icertis/jobs/lead-software-engineer-cloud-site-reliability-sre
e2a52ccf-8d0e-570a-8a84-9b59ff8868f2,Iluma Alliance,,[],,,,"[""technology_employer""]",unknown,,,,,,,true,0.75,2026-08-29 03:28:21.512561+00,2026-08-29 04:02:04.953733+00,himalayas,https://himalayas.app/companies/iluma-alliance/jobs/data-engineer
ff7ff5a7-8783-55c2-9bc7-ed4241cdc4a2,Imprint,,[],,,,"[""technology_employer""]",unknown,,,,,,,true,0.75,2026-08-29 03:35:03.569244+00,2026-08-29 04:08:59.059705+00,himalayas,https://himalayas.app/companies/imprint/jobs/product-manager-consumer-1386775746
3e40266a-10b6-5cb5-a6da-551a78365c9c,InTalent Asia,,[],,,,"[""technology_employer""]",hires,,,,,,,true,0.75,2026-10-05 09:19:32.680151+00,2026-10-05 09:19:32.680151+00,himalayas,https://himalayas.app/companies/intalentglobal/jobs/senior-salesforce-developers
36563692-2b0e-5115-8f7e-2c06cc139682,Inetum,,[],,,,"[""technology_employer""]",unknown,,,,,,,true,0.75,2026-08-29 03:34:33.546147+00,2026-10-05 09:10:38.660412+00,himalayas,https://himalayas.app/companies/inetum/jobs/ingenieur-cloud-sysops-azure
29228311-15d8-530d-981c-22989acd1e6c,InfStones,,[],,,,"[""technology_employer""]",hires,,,,,,,true,0.75,2026-10-05 09:12:20.666929+00,2026-10-05 09:12:44.662806+00,himalayas,https://himalayas.app/companies/infstones/jobs/growth-marketing-manager-9240288032
f1f4a7be-c0e5-5d3c-abe4-953990b7b09b,Infios,,[],,,,"[""technology_employer""]",unknown,,,,,,,true,0.75,2026-08-29 03:31:09.507736+00,2026-08-29 04:04:53.019397+00,himalayas,https://himalayas.app/companies/infios/jobs/business-development-representative
27b6c15a-45d4-5634-a041-8cc81b33b0c9,Influents Innovations,,[],,,,"[""technology_employer""]",unknown,,,,,,,true,0.75,2026-08-29 03:29:45.52785+00,2026-08-29 04:03:28.971771+00,himalayas,https://himalayas.app/companies/influents-innovations/jobs/psychiatric-mental-health-nurse-practitioner
14968b19-6cd9-5aa6-964e-8352b6057ef0,Informa Group Plc.,,[],,,,"[""technology_employer""]",unknown,,,,,,,true,0.75,2026-08-29 03:35:39.538978+00,2026-10-05 09:11:56.663174+00,himalayas,https://himalayas.app/companies/informa-group-plc/jobs/marketing-manager-6-month-contract
30836d2b-d1cc-5e2d-8952-25b760a5e62f,InfraCloud,,[],,,,"[""technology_employer""]",unknown,,,,,,,true,0.75,2026-10-05 09:13:32.672653+00,2026-10-05 09:13:32.672653+00,himalayas,https://himalayas.app/companies/infracloud/jobs/sre-security-engineer
10ed48eb-635a-5fa8-a23b-daf6942eb4a7,Init Norway,,[],,,,"[""technology_employer""]",unknown,,,,,,,true,0.75,2026-08-29 03:36:33.583614+00,2026-08-29 04:10:17.047747+00,himalayas,https://himalayas.app/companies/init-norway/jobs/junior-next-gen-platform-engineer-7157051078
7be81ba7-ea1f-5d33-9433-f9c2b5d54da8,Inizio Partners Corp,,[],,,,"[""technology_employer""]",unknown,,,,,,,true,0.75,2026-10-05 09:19:38.684127+00,2026-10-05 09:19:38.684127+00,himalayas,https://himalayas.app/companies/inizio-partners-corp/jobs/senior-generative-ai-engineer
bf2966fa-5188-5bf8-97ac-abf5386bcc0c,Inoapps,,[],,,,"[""technology_employer""]",unknown,,,,,,,true,0.75,2026-10-05 09:19:56.67736+00,2026-10-05 09:19:56.67736+00,himalayas,https://himalayas.app/companies/inoapps/jobs/ibm-senior-support-engineer
e7208ccf-1209-543d-ad0a-847c8b6dde65,Inspectorio,,[],,,,"[""technology_employer""]",unknown,,,,,,,true,0.75,2026-08-29 03:30:57.532184+00,2026-08-29 04:04:41.006202+00,himalayas,https://himalayas.app/companies/inspectorio/jobs/product-safety-quality-lead
f6e965e3-9822-520c-afb6-b83cc04a1cfc,Inspira Education,,[],,,,"[""technology_employer""]",hires,,,,,,,true,0.75,2026-08-29 03:37:03.589648+00,2026-10-05 09:10:50.669741+00,himalayas,https://himalayas.app/companies/inspira-education/jobs/law-school-admissions-consultant
a3f4ee26-3ed3-572c-bc00-cfdc373b930a,Instacart,,[],,,,"[""technology_employer""]",unknown,,,,,,,true,0.75,2026-08-29 03:35:39.538978+00,2026-08-29 04:11:11.051731+00,himalayas,https://himalayas.app/companies/instacart/jobs/senior-machine-learning-engineer-ii-ads-response-prediction
b5e12588-2922-5e6f-8c62-7a203e9a8ea2,IntegriChain,,[],,,,"[""technology_employer""]",unknown,,,,,,,true,0.75,2026-08-29 03:27:45.511543+00,2026-08-29 04:01:28.949353+00,himalayas,https://himalayas.app/companies/integrichain/jobs/sr-data-engineer
e02ee2d8-741e-59a7-8906-ef2df8b09c7b,IntellectEU,,[],,,,"[""technology_employer""]",unknown,,,,,,,true,0.75,2026-10-05 09:14:56.669951+00,2026-10-05 09:14:56.669951+00,himalayas,https://himalayas.app/companies/intellecteu/jobs/legal-advisor
c67256f5-a708-5cef-a415-ee69f58c1d8e,IntelliPro Group Inc.,,[],,,,"[""technology_employer""]",hires,,,,,,,true,0.75,2026-08-29 03:30:39.524702+00,2026-08-29 04:04:23.026622+00,himalayas,https://himalayas.app/companies/intellipro-group-inc/jobs/platform-engineer
6cefecba-7d8c-5023-9494-5c3fc70b634f,Interkultura Verlag,,[],,,,"[""technology_employer""]",unknown,,,,,,,true,0.75,2026-08-29 03:34:45.524548+00,2026-08-29 04:08:29.061901+00,himalayas,https://himalayas.app/companies/interkultura-verlag/jobs/verlagspraktikum-praktikant-in-im-praktikum-m-w-d-im-bereichen-lektorat-e-l
07f3674a-840a-50ce-8453-c24b2101c22b,International Fresh Produce Association,,[],,,,"[""technology_employer""]",unknown,,,,,,,true,0.75,2026-08-29 03:27:33.520847+00,2026-08-29 04:01:16.961217+00,himalayas,https://himalayas.app/companies/international-fresh-produce-association/jobs/director-development-9578847416
c66426a1-b821-5a0c-abe4-ecebbdac3291,Internova Travel Group,,[],,,,"[""technology_employer""]",unknown,,,,,,,true,0.75,2026-10-05 09:13:56.672659+00,2026-10-05 09:13:56.672659+00,himalayas,https://himalayas.app/companies/internova-travel-group/jobs/vice-president-canada
c3f51501-7fbc-50c0-bb22-a2ebd1ae35c4,Intersog,,[],,,,"[""technology_employer""]",unknown,,,,,,,true,0.75,2026-08-29 03:29:45.528849+00,2026-08-29 04:03:28.972771+00,himalayas,https://himalayas.app/companies/intersog/jobs/microsoft-dynamics-pre-sales-solution-engineer
58071423-7788-54ff-8d83-48aa82393bfc,Intertek,,[],,,,"[""technology_employer""]",hires,,,,,,,true,0.75,2026-10-05 09:19:50.676149+00,2026-10-05 09:19:50.676149+00,himalayas,https://himalayas.app/companies/igsrs/jobs/electrical-inspector-product-certification-remote-part-time
7814d4aa-2ee2-5115-be01-49c1c8f5e86f,Intuition Machines,,[],,,,"[""technology_employer""]",unknown,,,,,,,true,0.75,2026-08-29 03:29:45.528849+00,2026-08-29 04:03:28.972771+00,himalayas,https://himalayas.app/companies/intuition-machines/jobs/technical-marketing-manager
d872669e-46e3-573b-a356-3bc813608891,Invisible Technologies,,[],,,,"[""technology_employer""]",hires,,,,,,,true,0.75,2026-10-05 09:12:56.667188+00,2026-10-05 09:14:56.669918+00,himalayas,https://himalayas.app/companies/inv/jobs/python-coding-specialist-ai-trainer-3477274943
7f754454-03b5-5e61-a929-147942ed81d3,IonQ,,[],,,,"[""technology_employer""]",unknown,,,,,,,true,0.75,2026-10-05 09:12:20.666972+00,2026-10-05 09:12:50.661993+00,himalayas,https://himalayas.app/companies/ionq-com/jobs/associate-general-counsel-product
32f66176-ef8c-594d-918c-6e3b32cc7706,Iris Telehealth,,[],,,,"[""technology_employer""]",hires,,,,,,,true,0.75,2026-10-05 09:13:20.672083+00,2026-10-05 09:13:20.672133+00,himalayas,https://himalayas.app/companies/iris-telehealth/jobs/child-psychiatrist-md-do-100-remote-missouri-license-required
26585f67-374b-5745-bdb4-a0b44db7c603,Irth,,[],,,,"[""technology_employer""]",hires,,,,,,,true,0.75,2026-08-29 03:29:39.522905+00,2026-08-29 04:03:22.984184+00,himalayas,https://himalayas.app/companies/irth/jobs/qa-assurance-analyst
df656b75-9111-5ba5-a746-73e22b7a4364,JLIConsulting,,[],,,,"[""technology_employer""]",unknown,,,,,,,true,0.75,2026-08-29 03:29:39.521905+00,2026-08-29 04:03:22.983181+00,himalayas,https://himalayas.app/companies/jliconsulting/jobs/data-engineer
a3d31316-c371-563e-97d8-223dd18c8593,JLL,,[],,,,"[""technology_employer""]",unknown,,,,,,,true,0.75,2026-08-29 03:30:51.502781+00,2026-08-29 04:04:35.004505+00,himalayas,https://himalayas.app/companies/jll/jobs/specialiste-en-approvisionnement-et-contrats-bilingue-sourcing-contracts-s
c8e70081-c8b9-592b-8cb5-e8a1f94f3bdd,JNB Exectant,,[],,,,"[""technology_employer""]",unknown,,,,,,,true,0.75,2026-10-05 09:19:44.679519+00,2026-10-05 09:19:44.679519+00,himalayas,https://himalayas.app/companies/jnb-exectant/jobs/a-i-research-engineer
657943f5-a19f-5fd0-9641-8f936c52af47,JPM Unternehmensgruppe,,[],,,,"[""technology_employer""]",unknown,,,,,,,true,0.75,2026-08-29 03:35:33.578182+00,2026-08-29 04:09:23.035441+00,himalayas,https://himalayas.app/companies/jpm-unternehmensgruppe/jobs/virtual-banker-ii-tempe-az
38c3f821-a087-5cc5-9b24-4106c1e7e176,JUARA IT SOLUTIONS,,[],,,,"[""technology_employer""]",hires,,,,,,,true,0.75,2026-10-05 09:13:02.669476+00,2026-10-05 09:13:02.669476+00,himalayas,https://himalayas.app/companies/juara-it-solutions/jobs/cloud-security-engineer
7933e68d-fcbb-5e0e-9d3a-bf5cc1dcf8ae,Jackpot.com,,[],,,,"[""technology_employer""]",hires,,,,,,,true,0.75,2026-08-29 03:36:15.574423+00,2026-08-29 04:10:11.042277+00,himalayas,https://himalayas.app/companies/jackpot-com/jobs/director-of-data-analytics
781b3c7e-070f-541d-bac8-19bb72c86fd3,Jamf,,[],,,,"[""technology_employer""]",unknown,,,,,,,true,0.75,2026-08-29 03:35:45.573523+00,2026-10-05 09:12:44.662651+00,himalayas,https://himalayas.app/companies/jamf/jobs/technology-disaster-recovery-manager
215f30e9-f1e5-5fd5-a36d-a7155941495f,Jellyvision,,[],,,,"[""technology_employer""]",unknown,,,,,,,true,0.75,2026-08-29 03:35:45.573523+00,2026-08-29 04:09:29.058645+00,himalayas,https://himalayas.app/companies/jellyvision/jobs/director-fp-a
271c5800-0474-5e39-8e43-8aa98e4a784e,Jerry,,[],,,,"[""technology_employer""]",unknown,,,,,,,true,0.75,2026-08-29 03:35:39.538978+00,2026-08-29 04:09:23.034391+00,himalayas,https://himalayas.app/companies/jerry/jobs/product-owner-ai-agents-and-automation-7316418902
1dc74478-1fa6-510b-927a-28d94d4325f0,JerseySTEM,,[],,,,"[""technology_employer""]",unknown,,,,,,,true,0.75,2026-08-29 03:31:27.52422+00,2026-08-29 04:05:10.999903+00,himalayas,https://himalayas.app/companies/jerseystem/jobs/pods201-robotics-team-member-curriculum-designer
1b164f76-337f-5ff0-a339-9b00782b9d12,Jet Direct Mortgage,,[],,,,"[""technology_employer""]",unknown,,,,,,,true,0.75,2026-08-29 03:31:33.51357+00,2026-08-29 04:05:17.011697+00,himalayas,https://himalayas.app/companies/jet-direct-mortgage/jobs/on-boarding-link-loan-originators
4d76e45e-63d0-5566-aab1-0736311b08bf,Job Duck,,[],,,,"[""technology_employer""]",hires,,,,,,,true,0.75,2026-08-29 03:36:51.601359+00,2026-08-29 04:10:35.03836+00,himalayas,https://himalayas.app/companies/job-duck/jobs/v101-bilingual-executive-creative-assistant
c60faedc-2304-504e-8ecb-88655d4dc40e,JobTrade,,[],,,,"[""technology_employer""]",unknown,,,,,,,true,0.75,2026-08-28 15:53:15.324837+00,2026-08-29 04:12:45.334564+00,remoteok,https://remoteOK.com/remote-jobs/remote-dtp-operator-jobtrade-1137099
94d53c78-b5e5-5043-be2d-25ba53ff7c7c,Jobs for Humanity,,[],,,,"[""technology_employer""]",hires,,,,,,,true,0.75,2026-08-29 03:27:39.512402+00,2026-08-29 04:01:40.96243+00,himalayas,https://himalayas.app/companies/jobsforlebanon/jobs/wordpress-developer
5e220eb3-8a32-5282-a8f8-aefe4544cd60,Jobskey Consultancy,,[],,,,"[""technology_employer""]",hires,,,,,,,true,0.75,2026-10-05 09:15:44.669808+00,2026-10-05 09:19:02.677163+00,himalayas,https://himalayas.app/companies/jobskeyconsultancy/jobs/permanent-wfh-aws-architect
f3d2f37c-fa3e-59cd-8a1f-0ec303b9d3a3,JumpCloud,,[],,,,"[""technology_employer""]",hires,,,,,,,true,0.75,2026-10-05 09:21:15.112182+00,2026-10-05 09:21:15.112182+00,remoteok,https://remoteOK.com/remote-jobs/remote-customer-success-manager-mexico-jumpcloud-1137406
74abdf6f-746b-558d-837a-3c819a627bb7,Jupe,,[],,,,"[""technology_employer""]",unknown,,,,,,,true,0.75,2026-10-05 09:11:14.677706+00,2026-10-05 09:11:14.677706+00,himalayas,https://himalayas.app/companies/jupe/jobs/ux-ui-digital-product-designer
00028f6f-d41a-5c51-907d-c7652135612d,KBH Industrial,,[],,,,"[""technology_employer""]",unknown,,,,,,,true,0.75,2026-10-05 09:19:08.684377+00,2026-10-05 09:19:08.684377+00,himalayas,https://himalayas.app/companies/kbh-industrial/jobs/materials-manager-nuclear-development
a3ebc1bb-2d55-5aa4-af59-5ff14382a52a,KFC Global Careers,,[],,,,"[""technology_employer""]",unknown,,,,,,,true,0.75,2026-10-05 09:14:08.664701+00,2026-10-05 09:14:08.664701+00,himalayas,https://himalayas.app/companies/kfc-global-careers/jobs/staff-solutions-architect-4478865234
d1bd0d11-3ed1-5a6e-941e-fd9153546815,KLDiscovery,,[],,,,"[""technology_employer""]",hires,,,,,,,true,0.75,2026-10-05 09:17:20.674017+00,2026-10-05 09:19:26.681471+00,himalayas,https://himalayas.app/companies/kldiscovery/jobs/cybersecurity-analyst
4dbd40e0-2e0c-5f66-b094-3923197142c6,KMC Solutions Inc,,[],,,,"[""technology_employer""]",hires,,,,,,,true,0.75,2026-08-29 03:31:27.525219+00,2026-10-05 09:16:32.675424+00,himalayas,https://himalayas.app/companies/kmc-solutions-inc/jobs/xtn-9fa6412-mechanical-design-engineer
53a686aa-86bb-543a-94dc-2e0e10d342f6,KPI Solutions,,[],,,,"[""technology_employer""]",unknown,,,,,,,true,0.75,2026-10-05 09:21:15.112094+00,2026-10-05 09:21:15.112094+00,remoteok,https://remoteOK.com/remote-jobs/remote-software-deployment-engineer-kpi-solutions-1137408
79e0ebaf-3d8e-5b96-ae64-9e9399c72b02,Kalepa,,[],,,,"[""technology_employer""]",unknown,,,,,,,true,0.75,2026-08-29 03:27:45.510543+00,2026-08-29 04:01:28.948353+00,himalayas,https://himalayas.app/companies/kalepa/jobs/senior-platform-engineer-infrastructure-usa
e7296ea5-9373-589a-b431-6ba492b469c1,Kargo,,[],,,,"[""technology_employer""]",unknown,,,,,,,true,0.75,2026-10-05 09:12:08.681191+00,2026-10-05 09:12:08.681191+00,himalayas,https://himalayas.app/companies/kargo/jobs/channel-manager
aed322a1-21e2-5d62-a7e7-98bec31c98d6,Karriere bei Celestec e.K.,,[],,,,"[""technology_employer""]",hires,,,,,,,true,0.75,2026-08-29 03:29:57.520162+00,2026-08-29 04:03:40.985876+00,himalayas,https://himalayas.app/companies/karriere-bei-celestec-e-k/jobs/delphi-entwickler-m-w-d
edc9b2dd-e103-5234-91c0-75adbbf31a0e,Kasama,,[],,,,"[""technology_employer""]",unknown,,,,,,,true,0.75,2026-08-29 03:30:15.553042+00,2026-08-29 04:03:58.986539+00,himalayas,https://himalayas.app/companies/kasama/jobs/senior-hubspot-developer
91a35ea6-ec39-5b29-84b1-ef05c8405fa6,Kate Worthington,,[],,,,"[""technology_employer""]",hires,,,,,,,true,0.75,2026-10-05 09:20:26.684233+00,2026-10-05 09:20:26.684233+00,himalayas,https://himalayas.app/companies/kate-worthington/jobs/director-of-data
f6638d76-4f88-552f-a473-ed0ce1fb72d8,"Katz, Sapper & Miller",,[],,,,"[""technology_employer""]",unknown,,,,,,,true,0.75,2026-08-29 03:28:21.512561+00,2026-10-05 09:15:56.677435+00,himalayas,https://himalayas.app/companies/katz-sapper-miller/jobs/tax-manager-private-equity
e9a0664b-3cd2-5210-ad33-7fc3b19354b2,"Keeper Security, Inc.",,[],,,,"[""technology_employer""]",hires,,,,,,,true,0.75,2026-08-29 03:35:27.583773+00,2026-08-29 04:10:53.051548+00,himalayas,https://himalayas.app/companies/keeper-security-inc/jobs/inside-sales-representative-mm-bilingual-german-dach
1db5f1e5-b6fe-511d-98e5-d8f2443e1d60,Kemin,,[],,,,"[""technology_employer""]",unknown,,,,,,,true,0.75,2026-10-05 09:17:32.672468+00,2026-10-05 09:17:32.672468+00,himalayas,https://himalayas.app/companies/kemin/jobs/global-erp-business-analyst
271ad65a-3685-52b6-b930-4863249cb93b,Kent Careers,,[],,,,"[""technology_employer""]",unknown,,,,,,,true,0.75,2026-10-05 09:20:08.680745+00,2026-10-05 09:20:08.680745+00,himalayas,https://himalayas.app/companies/kent-careers/jobs/structural-consultant-offshore-concrete-subject-matter-expert
d11433fc-c639-57df-8403-77c5427ef1b5,Kentik,,[],,,,"[""technology_employer""]",unknown,,,,,,,true,0.75,2026-08-29 03:35:45.574523+00,2026-08-29 04:09:47.039485+00,himalayas,https://himalayas.app/companies/kentik/jobs/account-executive-strategic-tola
e4364cc6-981e-5091-a992-213d05574e4c,Kestra Technologies,,[],,,,"[""technology_employer""]",hires,,,,,,,true,0.75,2026-08-29 03:34:57.580963+00,2026-08-29 04:08:47.060939+00,himalayas,https://himalayas.app/companies/kestra-technologies/jobs/product-manager-ai-9258303160
1f596ef0-6ed5-53ce-ac49-ac9256c3f097,Keycafe,,[],,,,"[""technology_employer""]",unknown,,,,,,,true,0.75,2026-08-29 03:30:03.521946+00,2026-08-29 04:03:47.015028+00,himalayas,https://himalayas.app/companies/keycafe/jobs/account-executive
6db80729-1222-5bc5-9434-9b78edec8e7f,Keyloop,,[],,,,"[""technology_employer""]",unknown,,,,,,,true,0.75,2026-08-29 03:36:51.601359+00,2026-08-29 04:10:35.03836+00,himalayas,https://himalayas.app/companies/keyloop/jobs/commercial-lead-sales
db614a2c-8f1d-573c-8306-afb6c4466bf9,Keystone Experts and Engineers,,[],,,,"[""technology_employer""]",unknown,,,,,,,true,0.75,2026-08-29 03:34:33.546147+00,2026-08-29 04:08:17.056563+00,himalayas,https://himalayas.app/companies/keystone-experts-and-engineers/jobs/building-consultant-general-contractor-3795263628
361540f7-ba82-578b-981d-5cd29593bde4,Kick,,[],,,,"[""technology_employer""]",unknown,,,,,,,true,0.75,2026-08-29 03:32:57.651084+00,2026-08-29 04:06:41.008044+00,himalayas,https://himalayas.app/companies/kick/jobs/design-engineer
150b3626-4712-529d-bae8-cce800f124ef,"Kickstart Accounting, Inc.",,[],,,,"[""technology_employer""]",unknown,,,,,,,true,0.75,2026-10-05 09:19:32.680564+00,2026-10-05 09:19:32.680564+00,himalayas,https://himalayas.app/companies/kickstart-accounting-inc/jobs/business-tax-advisor
71ca3c6f-33eb-5fa8-95bb-3a90e2e5fa1c,Kiddie Kredit,,[],,,,"[""technology_employer""]",hires,,,,,,,true,0.75,2026-08-29 03:28:09.51002+00,2026-08-29 04:01:52.974687+00,himalayas,https://himalayas.app/companies/kiddie-kredit/jobs/nodejs-senior-software-engineer
c559a275-4129-583c-b00f-3b59f02ff2da,Kinaxis,,[],,,,"[""technology_employer""]",unknown,,,,,,,true,0.75,2026-10-05 09:14:20.670485+00,2026-10-05 09:18:32.6771+00,himalayas,https://himalayas.app/companies/kinaxis/jobs/partner-success-manager
759d0e0a-f353-5629-8377-3ce7380247cf,Knocking,,[],,,,"[""technology_employer""]",hires,,,,,,,true,0.75,2026-08-29 03:28:15.50985+00,2026-08-29 04:01:58.967447+00,himalayas,https://himalayas.app/companies/knocking/jobs/don-t-see-the-right-seat-listed-below-but-have-a-passion-for-what-we-re-doing-l
bebf0266-98e6-5490-8387-0c2871365b94,Koalafi,,[],,,,"[""technology_employer""]",unknown,,,,,,,true,0.75,2026-10-05 09:16:08.675712+00,2026-10-05 09:16:08.675712+00,himalayas,https://himalayas.app/companies/koalafi/jobs/manager-of-business-analytics-non-prime-installment-loan
87040613-9498-5537-82e4-b01c90b9ca17,KoboToolbox,,[],,,,"[""technology_employer""]",hires,,,,,,,true,0.75,2026-10-05 09:21:17.598092+00,2026-10-05 09:21:17.598092+00,remotive,https://remotive.com/remote-jobs/design/frontend-web-application-developer-2091141
758d4ecd-3646-5350-b9d7-2328a99441c8,Kong,,[],,,,"[""technology_employer""]",unknown,,,,,,,true,0.75,2026-08-29 03:34:57.580963+00,2026-10-05 09:13:32.673167+00,himalayas,https://himalayas.app/companies/kong/jobs/senior-staff-product-manager-developer-portal
6f76d2a2-fdf9-5659-9f68-2920d7c23f76,Kreso Group,,[],,,,"[""technology_employer""]",unknown,,,,,,,true,0.75,2026-10-05 09:13:50.668359+00,2026-10-05 09:13:50.668359+00,himalayas,https://himalayas.app/companies/kreso-group/jobs/solar-development-manager
9c7d6feb-7b0e-5472-b403-74e70c96a576,Kruger NearShore LLC - Rekluti,,[],,,,"[""technology_employer""]",hires,,,,,,,true,0.75,2026-08-28 15:53:15.325842+00,2026-10-05 09:21:15.113207+00,remoteok,https://remoteOK.com/remote-jobs/remote-desarrollador-full-stack-kruger-nearshore-llc-rekluti-1137062
34b9e1e0-7509-5cc9-b4ab-1866657046c2,Kwanso,,[],,,,"[""technology_employer""]",unknown,,,,,,,true,0.75,2026-10-05 09:12:08.681443+00,2026-10-05 09:12:08.681443+00,himalayas,https://himalayas.app/companies/kwanso/jobs/sales-development-representative-3370135214
92778618-68ed-5abc-b5a1-0b9a4e22d820,Körber,,[],,,,"[""technology_employer""]",hires,,,,,,,true,0.75,2026-08-29 03:35:21.553438+00,2026-08-29 04:10:41.049817+00,himalayas,https://himalayas.app/companies/korber/jobs/techniker-m-w-d-als-2nd-level-remote-support-automation-software-markt-sc
f2b333cd-4152-5ced-be99-34e44a81f24c,LCMC Health,,[],,,,"[""technology_employer""]",unknown,,,,,,,true,0.75,2026-08-29 03:28:15.50985+00,2026-08-29 04:11:11.051731+00,himalayas,https://himalayas.app/companies/lcmc-health/jobs/lead-inpatient-drg-coder-remote
d02fbac7-132e-523b-8e3e-75c36e55ee9e,Labrador Transparency,,[],,,,"[""technology_employer""]",hires,,,,,,,true,0.75,2026-08-29 03:34:51.545843+00,2026-08-29 04:08:35.057972+00,himalayas,https://himalayas.app/companies/labrador-transparency/jobs/freelance-graphic-designers
392e7025-12bd-5bab-83d2-1510cd8a1aee,Landmark Ventures,,[],,,,"[""technology_employer""]",unknown,,,,,,,true,0.75,2026-08-29 03:34:27.525503+00,2026-08-29 04:08:11.060637+00,himalayas,https://himalayas.app/companies/landmark-ventures/jobs/client-support-outreach-assistant-coordinator
00305778-09dd-5dcd-a41e-064173be1349,LanguageLine Solutions,,[],,,,"[""technology_employer""]",unknown,,,,,,,true,0.75,2026-08-29 03:36:39.571199+00,2026-08-29 04:10:23.038039+00,himalayas,https://himalayas.app/companies/languageline-solutions/jobs/moroccan-arabic-interpreter
563bb3b5-7ce4-5718-b522-eb0eb01e9013,Latitude,,[],,,,"[""technology_employer""]",hires,,,,,,,true,0.75,2026-10-05 09:12:26.665188+00,2026-10-05 09:12:32.674246+00,himalayas,https://himalayas.app/companies/latitude/jobs/federal-business-development-manager
958af0fd-b198-5f4f-aedb-d1817485d3b3,Lattice,,[],,,,"[""technology_employer""]",unknown,,,,,,,true,0.75,2026-10-05 09:10:56.661587+00,2026-10-05 09:10:56.661587+00,himalayas,https://himalayas.app/companies/lattice/jobs/senior-software-engineer-infrastructure-platform
f08ea023-cc04-529b-b3cb-66a6c7d5e7bc,Lavendo,,[],,,,"[""technology_employer""]",unknown,,,,,,,true,0.75,2026-10-05 09:13:50.667588+00,2026-10-05 09:13:50.667588+00,himalayas,https://himalayas.app/companies/lavendo/jobs/ai-field-engineer-ai-infrastructure-remote-us-4040427319
1ec91ff6-d52a-50b5-ac77-2ecd4242bdc3,Leading Edge,,[],,,,"[""technology_employer""]",hires,,,,,,,true,0.75,2026-10-05 09:18:32.676188+00,2026-10-05 09:19:32.680532+00,himalayas,https://himalayas.app/companies/leading-edge/jobs/business-development
c1f8cd35-7c9b-5c74-9845-a9cced89f5cb,Leaf Agriculture,,[],,,,"[""technology_employer""]",hires,,,,,,,true,0.75,2026-08-29 03:34:09.528131+00,2026-08-29 04:07:53.047683+00,himalayas,https://himalayas.app/companies/leaf-agriculture/jobs/developer
8ac88090-bc4c-5639-84fd-fe5b10dc985b,Legal Services NYC,,[],,,,"[""technology_employer""]",unknown,,,,,,,true,0.75,2026-10-05 09:21:15.113438+00,2026-10-05 09:21:15.113438+00,remoteok,https://remoteOK.com/remote-jobs/remote-hotline-paralegal-legal-services-nyc-1136861
d57d2eb7-dcb4-54e2-9fc0-081f69fc745f,Legion of Loan Officers,,[],,,,"[""technology_employer""]",unknown,,,,,,,true,0.75,2026-08-29 03:33:09.497375+00,2026-08-29 04:06:53.009327+00,himalayas,https://himalayas.app/companies/legion-of-loan-officers/jobs/100k-200k-per-year-remote-high-ticket-sales-closing-appointments
28a2600f-794b-5c05-a786-d82818454b50,Legrand,,[],,,,"[""technology_employer""]",hires,,,,,,,true,0.75,2026-10-05 09:19:44.679655+00,2026-10-05 09:19:44.679655+00,himalayas,https://himalayas.app/companies/legrand/jobs/systems-architecture-integration-engineer-remote
b0dc2859-03a2-594e-8569-a901f5d81448,Leidos,,[],,,,"[""technology_employer""]",hires,,,,,,,true,0.75,2026-10-05 09:15:14.677558+00,2026-10-05 09:15:14.677558+00,himalayas,https://himalayas.app/companies/leidos/jobs/senior-power-distribution-engineer
bb092bc5-11ab-5680-ad8a-247e2717a21a,Lemon.io,,[],,,,"[""technology_employer""]",hires,,,,,,,true,0.75,2026-08-28 15:53:10.529995+00,2026-10-05 09:21:17.598247+00,remotive,https://remotive.com/remote-jobs/software-development/senior-qa-engineer-2091100
6109a671-7fd6-5625-9bb5-37e30bbf3920,LeoLabs,,[],,,,"[""technology_employer""]",unknown,,,,,,,true,0.75,2026-10-05 09:11:56.663119+00,2026-10-05 09:11:56.663119+00,himalayas,https://himalayas.app/companies/leolabs/jobs/radar-systems-engineer
e762b978-23cf-5c3f-ab53-914bb647178a,Letterhead,,[],,,,"[""technology_employer""]",unknown,,,,,,,true,0.75,2026-08-29 03:34:15.54335+00,2026-08-29 04:07:59.030655+00,himalayas,https://himalayas.app/companies/letterhead/jobs/account-executive
39166fff-6826-5cfd-a6cf-d8989e52b48e,Level Access,,[],,,,"[""technology_employer""]",unknown,,,,,,,true,0.75,2026-10-05 09:11:08.667651+00,2026-10-05 09:11:08.667651+00,himalayas,https://himalayas.app/companies/level-access/jobs/interested-in-future-opportunities
a3d263a1-2922-5f0b-b586-1604738442e5,LevelUp,,[],,,,"[""technology_employer""]",unknown,,,,,,,true,0.75,2026-10-05 09:16:02.670635+00,2026-10-05 09:16:02.670635+00,himalayas,https://himalayas.app/companies/levelup/jobs/helpdesk-support-agent-2631-407585
70908562-74f9-5f3c-aaf8-f1988daeb968,Leverage Live Local,,[],,,,"[""technology_employer""]",hires,,,,,,,true,0.75,2026-10-05 09:21:15.111236+00,2026-10-05 09:21:15.111236+00,remoteok,https://remoteOK.com/remote-jobs/remote-head-of-operations-leverage-live-local-1137461
9d33f4e1-a9d0-5e6b-8560-913268f6aed9,Liberty Mutual,,"[""Liberty Mutual Insurance""]",,,,"[""technology_employer""]",hires,,,,,,,true,0.75,2026-10-05 09:15:50.669605+00,2026-10-05 09:21:15.114976+00,himalayas,https://himalayas.app/companies/liberty-mutual/jobs/senior-complex-casualty-claims-resolution-specialist-northwest-region
a686e135-858e-559b-b430-5803cd0b2990,LifeWay Christian Resources,,[],,,,"[""technology_employer""]",hires,,,,,,,true,0.75,2026-10-05 09:13:32.673024+00,2026-10-05 09:13:32.673024+00,himalayas,https://himalayas.app/companies/lifeway-christian-resources/jobs/content-editor-kids
17f671c8-3611-541b-9079-6b8bec489d40,Lifelancer,,[],,,,"[""technology_employer""]",hires,,,,,,,true,0.75,2026-08-29 03:36:15.575429+00,2026-10-05 09:20:32.727465+00,himalayas,https://himalayas.app/companies/lifelancer/jobs/fsp-assistant-clinical-research-associate-acra
d5af6eb4-cd2c-5387-ac7a-90b175dfe1ea,Lighten,,[],,,,"[""technology_employer""]",unknown,,,,,,,true,0.75,2026-10-05 09:13:26.666518+00,2026-10-05 09:13:26.666518+00,himalayas,https://himalayas.app/companies/lighten/jobs/vp-of-business-development-life-sciences
56577b29-ae3e-5040-9b03-e777390485bb,Lightly AG,,[],,,,"[""technology_employer""]",unknown,,,,,,,true,0.75,2026-08-29 03:30:21.535056+00,2026-08-29 04:04:05.003665+00,himalayas,https://himalayas.app/companies/lightly-ag/jobs/freelance-geopolitical-event-forecasting-experts-at-ai-startup
455067a3-b63f-5c3b-b81a-cfb9385cb656,Lightspeed Human Capital Management Inc.,,[],,,,"[""technology_employer""]",hires,,,,,,,true,0.75,2026-08-29 03:30:03.522469+00,2026-08-29 04:03:47.016028+00,himalayas,https://himalayas.app/companies/lightspeed-human-capital-management-inc/jobs/community-manager-cloud-native-north-america
a9532837-25e6-5339-a8bb-443d4f1cc9f5,Linsco Ltd,,[],,,,"[""technology_employer""]",unknown,,,,,,,true,0.75,2026-08-28 15:53:15.325842+00,2026-08-29 04:12:45.335563+00,remoteok,https://remoteOK.com/remote-jobs/remote-estimator-linsco-ltd-1137060
07c26579-afb5-5911-8ec4-f3dde7143ccf,Liquid Development,,[],,,,"[""technology_employer""]",unknown,,,,,,,true,0.75,2026-08-29 03:29:39.520905+00,2026-08-29 04:03:22.983181+00,himalayas,https://himalayas.app/companies/liquid-development/jobs/3d-environment-artist-talent-pool-2026-opportunities
752b47b9-de9f-5bda-9098-c3026908b0af,LoanCare,,[],,,,"[""technology_employer""]",unknown,,,,,,,true,0.75,2026-10-05 09:18:02.67607+00,2026-10-05 09:18:02.67607+00,himalayas,https://himalayas.app/companies/loancare/jobs/pre-foreclosure-specialist-ii
9d1677a9-570c-596c-8723-60e98b9328e2,Loblaw Companies Limited,,[],,,,"[""technology_employer""]",unknown,,,,,,,true,0.75,2026-08-28 15:53:15.326841+00,2026-08-28 15:53:35.840926+00,remoteok,https://remoteOK.com/remote-jobs/remote-baker-day-loblaw-companies-limited-1136999
1311432d-00a2-56ab-9df8-cc9157f2a331,Loft,,[],,,,"[""technology_employer""]",unknown,,,,,,,true,0.75,2026-08-29 03:30:21.535056+00,2026-08-29 04:04:05.003665+00,himalayas,https://himalayas.app/companies/loft/jobs/software-engineer-vaga-afirmativa-para-mulheres
8c25c30d-e4c5-55c9-87f1-78e58262b4c3,Logical Media Group,,[],,,,"[""technology_employer""]",unknown,,,,,,,true,0.75,2026-08-29 03:27:45.510543+00,2026-08-29 04:01:28.948353+00,himalayas,https://himalayas.app/companies/logical-media-group/jobs/back-end-web-developer-solutions-support-specialist-remote-contractor
350ef37e-8058-5e76-a59a-554810de4b52,Logistics Management Institute,,[],,,,"[""technology_employer""]",hires,,,,,,,true,0.75,2026-10-05 09:14:08.664786+00,2026-10-05 09:19:44.679554+00,himalayas,https://himalayas.app/companies/logistics-management-institute/jobs/machine-learning-engineer
649b59ac-9624-5843-8b93-f82c1fd2ce53,Logix Federal Credit Union,,[],,,,"[""technology_employer""]",unknown,,,,,,,true,0.75,2026-10-05 09:14:08.664906+00,2026-10-05 09:14:08.664906+00,himalayas,https://himalayas.app/companies/logix-federal-credit-union/jobs/fair-lending-officer-sr
ff50fc5d-8982-5841-bb80-daca73fb02c6,Lonza,,[],,,,"[""technology_employer""]",hires,,,,,,,true,0.75,2026-10-05 09:15:56.67767+00,2026-10-05 09:15:56.67767+00,himalayas,https://himalayas.app/companies/lonza/jobs/director-msat
5a813f6d-b38c-5c0a-8b16-523465844d77,Love & Company,,[],,,,"[""technology_employer""]",unknown,,,,,,,true,0.75,2026-08-29 03:29:45.52785+00,2026-08-29 04:03:28.971771+00,himalayas,https://himalayas.app/companies/love-company/jobs/account-manager
dee8b2fd-22ae-535f-aa55-562bac8ba0e9,Low Battery,,[],,,,"[""technology_employer""]",unknown,,,,,,,true,0.75,2026-10-05 09:12:08.681766+00,2026-10-05 09:12:08.681858+00,himalayas,https://himalayas.app/companies/low-battery/jobs/campaign-manager-music-partnerships-5116446460
d12d63fb-5c97-5daf-a7dd-7bba1729f230,Loyal,,[],,,,"[""technology_employer""]",unknown,,,,,,,true,0.75,2026-10-05 09:12:02.664057+00,2026-10-05 09:12:02.664057+00,himalayas,https://himalayas.app/companies/loyalfordogs/jobs/principal-scientist-cmc-analytical
2dbb7b6e-5ca9-5ada-bab8-6041ec98a095,Luceats,,[],,,,"[""technology_employer""]",unknown,,,,,,,true,0.75,2026-08-29 03:28:33.509511+00,2026-08-29 04:02:16.963656+00,himalayas,https://himalayas.app/companies/luceats/jobs/full-stack-developer
7fce8f3b-10fe-5fad-b18a-3380d05ca28c,Lumanity,,[],,,,"[""technology_employer""]",unknown,,,,,,,true,0.75,2026-10-05 09:14:02.664697+00,2026-10-05 09:17:08.6726+00,himalayas,https://himalayas.app/companies/lumanity/jobs/vice-president-client-engagement-market-access
cbadc99a-24ca-5d06-aceb-312aae85c18b,Lynker Corporation,,[],,,,"[""technology_employer""]",unknown,,,,,,,true,0.75,2026-10-05 09:12:20.66682+00,2026-10-05 09:16:08.676061+00,himalayas,https://himalayas.app/companies/lynker-corporation/jobs/support-scientist-for-jedi-data-assimilation-transition-to-operations
fe32a0e4-8d31-5124-9e8d-f59b3a8e013f,Lyric,,[],,,,"[""technology_employer""]",hires,,,,,,,true,0.75,2026-10-05 09:21:15.11529+00,2026-10-05 09:21:15.11529+00,remoteok,https://remoteOK.com/remote-jobs/remote-growth-strategist-lyric-1135681
bfe7ff98-02cf-5313-b06f-0966014d205b,"Lyric, Inc.",,[],,,,"[""technology_employer""]",unknown,,,,,,,true,0.75,2026-08-29 03:33:51.551594+00,2026-08-29 04:07:35.041843+00,himalayas,https://himalayas.app/companies/lyric-inc/jobs/staff-software-engineer
f3c01955-0d69-5b3a-8400-9cf57a3ef8b0,MACDILLIONS GLOBAL ENERGY,,[],,,,"[""technology_employer""]",hires,,,,,,,true,0.75,2026-10-05 09:20:20.682126+00,2026-10-05 09:20:20.682126+00,himalayas,https://himalayas.app/companies/macdillions-global-energy/jobs/sap-ewm-functional-consultant
b6e2b0b8-49b4-50e3-84ce-1f1ea3b63464,MCI Career Services,,[],,,,"[""technology_employer""]",hires,,,,,,,true,0.75,2026-08-29 03:36:27.577685+00,2026-08-29 04:10:23.037001+00,himalayas,https://himalayas.app/companies/mci-career-services/jobs/remote-accountant
022a0502-e82d-59c5-a938-c3fbfde69764,MEDFAR,,[],,,,"[""technology_employer""]",unknown,,,,,,,true,0.75,2026-08-29 03:30:27.510634+00,2026-08-29 04:04:11.004607+00,himalayas,https://himalayas.app/companies/medfar/jobs/customer-onboarding-specialist-ontario
8557c02d-c7f8-532b-a935-a1c4fd17663a,MMDSmart Ltd,,[],,,,"[""technology_employer""]",unknown,,,,,,,true,0.75,2026-08-29 03:29:27.53746+00,2026-08-29 04:03:10.962981+00,himalayas,https://himalayas.app/companies/mmdsmart-ltd/jobs/senior-full-stack-developer-go-react-5857642884
172b3065-4297-5778-b210-95b319ebd012,MRO Corp,,[],,,,"[""technology_employer""]",unknown,,,,,,,true,0.75,2026-08-29 03:30:57.531675+00,2026-10-05 09:17:26.674441+00,himalayas,https://himalayas.app/companies/mro-corp/jobs/ai-operations-security-senior-analyst
faacdb70-e927-59c1-a6bb-eea565293204,MSQ DX,,[],,,,"[""technology_employer""]",unknown,,,,,,,true,0.75,2026-10-05 09:12:50.661719+00,2026-10-05 09:12:50.661719+00,himalayas,https://himalayas.app/companies/msq-dx/jobs/business-analyst-contract
0f3e0a71-6138-5ba9-a2e6-76091d7d17c4,Madiff,,[],,,,"[""technology_employer""]",hires,,,,,,,true,0.75,2026-08-29 03:37:21.598668+00,2026-08-29 04:11:05.059436+00,himalayas,https://himalayas.app/companies/madiff/jobs/mlops-engineer-portfolio-optimisation-and-customer-analytics-platform-banking
41e55f99-c4c0-5689-964e-5dcf3439a92b,Magic Eden,,[],,,,"[""technology_employer""]",hires,,,,,,,true,0.75,2026-10-05 09:21:15.111927+00,2026-10-05 09:21:15.111927+00,remoteok,https://remoteOK.com/remote-jobs/remote-senior-growth-product-manager-ai-native-magic-eden-1137414
9dbc5651-8776-5747-b636-119a0dff064f,"Magical Destinations Travel, LLC",,[],,,,"[""technology_employer""]",unknown,,,,,,,true,0.75,2026-10-05 09:20:32.727805+00,2026-10-05 09:20:32.727805+00,himalayas,https://himalayas.app/companies/magical-destinations-travel-llc/jobs/remote-booking-agent-5082997055
4ac430a9-ce4b-56e9-930e-17bf50fc95b5,Majesco,,[],,,,"[""technology_employer""]",unknown,,,,,,,true,0.75,2026-10-05 09:17:26.674372+00,2026-10-05 09:17:26.674372+00,himalayas,https://himalayas.app/companies/majesco/jobs/product-owner-director-underwriting-ai-innovation
04718541-e9a8-5cb9-804e-0f242c25bbb4,Makse Group,,[],,,,"[""technology_employer""]",unknown,,,,,,,true,0.75,2026-08-29 03:32:45.528822+00,2026-08-29 04:06:29.023789+00,himalayas,https://himalayas.app/companies/makse-group/jobs/consulting-manager-workday-integrations-and-technical-solutions
8aec9cc3-6e68-5c8c-b271-1dec6852d539,Mano Lani LLC,,[],,,,"[""technology_employer""]",hires,,,,,,,true,0.75,2026-10-05 09:12:14.667495+00,2026-10-05 09:14:50.671542+00,himalayas,https://himalayas.app/companies/mano-lani-llc/jobs/senior-gis-software-qa-engineer
7a8e0ac2-0ff9-5816-b977-13a92793a125,Margera,,[],,,,"[""technology_employer""]",unknown,,,,,,,true,0.75,2026-10-05 09:13:14.665207+00,2026-10-05 09:13:14.665207+00,himalayas,https://himalayas.app/companies/margera/jobs/digital-analytics-engineer-remote-cy-gr
ee921e44-70d1-5634-9403-b94f26ffbfa6,MariaDB,,[],,,,"[""technology_employer""]",unknown,,,,,,,true,0.75,2026-08-29 03:34:09.528131+00,2026-08-29 04:07:53.047683+00,himalayas,https://himalayas.app/companies/mariadb/jobs/talent-community-general-application
fd8a78ed-9319-5e47-99ea-1898b092e251,MarketerHire,,[],,,,"[""technology_employer""]",unknown,,,,,,,true,0.75,2026-10-05 09:12:08.681353+00,2026-10-05 09:12:08.681353+00,himalayas,https://himalayas.app/companies/marketerhire/jobs/internal-tools-developer
5203bb97-9d47-5ffe-b65d-785f52b145a7,MasTec Industrial,,[],,,,"[""technology_employer""]",hires,,,,,,,true,0.75,2026-08-29 03:30:09.526041+00,2026-10-05 09:13:08.664386+00,himalayas,https://himalayas.app/companies/mastec-industrial/jobs/vice-president-of-construction-solar
05368f2d-fa66-519e-80b6-174cd0b5d835,Masabi Jobs,,[],,,,"[""technology_employer""]",unknown,,,,,,,true,0.75,2026-10-05 09:13:44.666503+00,2026-10-05 09:13:56.672533+00,himalayas,https://himalayas.app/companies/masabi-jobs/jobs/principal-engineer-payments-546115999
4b16ca23-4b3a-5ed1-b017-64cbada2c9fa,MasteryPrep,,[],,,,"[""technology_employer""]",unknown,,,,,,,true,0.75,2026-10-05 09:12:08.682018+00,2026-10-05 09:12:08.682018+00,himalayas,https://himalayas.app/companies/masteryprep/jobs/backend-product-engineer
b9c23082-00f4-597c-be86-00036a9b91f1,Maxor National Pharmacy Services,,[],,,,"[""technology_employer""]",hires,,,,,,,true,0.75,2026-10-05 09:12:14.667155+00,2026-10-05 09:12:14.667155+00,himalayas,https://himalayas.app/companies/maxor-national-pharmacy-services/jobs/remote-dispensing-pharmacy-technician-bilingual-spanish-full-time
73eb9ccd-8ee2-52fa-9975-8a48f0ca24ed,Maxwell,,[],,,,"[""technology_employer""]",unknown,,,,,,,true,0.75,2026-08-29 03:37:09.591455+00,2026-08-29 04:10:53.050511+00,himalayas,https://himalayas.app/companies/maxwell/jobs/strategic-account-executive-mortgage-technology-services
e4c6bf8a-0f59-544e-a495-3db098566322,May Mobility,,[],,,,"[""technology_employer""]",unknown,,,,,,,true,0.75,2026-10-05 09:10:50.670276+00,2026-10-05 09:10:50.670276+00,himalayas,https://himalayas.app/companies/may-mobility/jobs/lead-ml-engineer-mapping
1c616734-ec8d-5246-a2e9-785f7450cfa2,McNab,,[],,,,"[""technology_employer""]",unknown,,,,,,,true,0.75,2026-08-28 15:53:15.325842+00,2026-08-29 04:12:45.335563+00,remoteok,https://remoteOK.com/remote-jobs/remote-estimator-brisbane-mcnab-1137047
e32c403c-07e6-5264-a38a-c562bc53d8aa,Med Communications International,,[],,,,"[""technology_employer""]",unknown,,,,,,,true,0.75,2026-10-05 09:18:20.681475+00,2026-10-05 09:18:20.681475+00,himalayas,https://himalayas.app/companies/med-communications-international/jobs/medical-writer-principal-scientific-communications-specialist-publications-2224588288
1bed1055-67ad-5b08-b03e-994e9204254f,MediaNews Group,,[],,,,"[""technology_employer""]",hires,,,,,,,true,0.75,2026-08-29 03:33:33.516151+00,2026-08-29 04:07:17.017993+00,himalayas,https://himalayas.app/companies/medianews-group/jobs/business-development-representative
c4171f0a-9227-5e68-92cf-27d06e661d21,Medihive,,[],,,,"[""technology_employer""]",unknown,,,,,,,true,0.75,2026-08-29 03:28:15.50985+00,2026-08-29 04:01:58.967447+00,himalayas,https://himalayas.app/companies/medihive/jobs/senior-ruby-on-rails-developer
0373d159-a8e3-5821-bd02-56a593a84d10,Meeting Tomorrow,,[],,,,"[""technology_employer""]",hires,,,,,,,true,0.75,2026-10-05 09:16:02.670285+00,2026-10-05 09:16:02.670285+00,himalayas,https://himalayas.app/companies/meeting-tomorrow/jobs/creative-director-for-events
c423e539-d2f4-55f6-98a9-989691d05392,Mercury,,[],,,,"[""technology_employer""]",unknown,,,,,,,true,0.75,2026-08-29 03:34:39.562225+00,2026-08-29 04:08:23.044488+00,himalayas,https://himalayas.app/companies/mercury/jobs/senior-software-engineer-domestic-wires
c64448e1-5996-552a-b090-6020cbf789ab,Meridian Counseling,,[],,,,"[""technology_employer""]",unknown,,,,,,,true,0.75,2026-08-29 03:33:21.522334+00,2026-08-29 04:07:05.030807+00,himalayas,https://himalayas.app/companies/meridian-counseling/jobs/clinical-supervisor-utah
08605427-b5e0-5cc2-9945-eb9972eab20a,Merkle Science,,[],,,,"[""technology_employer""]",unknown,,,,,,,true,0.75,2026-08-29 03:36:21.57656+00,2026-08-29 04:10:05.0548+00,himalayas,https://himalayas.app/companies/merkle-science/jobs/public-sector-account-executive-us-dmv
3e4a2c3e-441e-5d31-b1fa-3f348c0a2157,MetaWealth,,[],,,,"[""technology_employer""]",unknown,,,,,,,true,0.75,2026-10-05 09:12:02.664565+00,2026-10-05 09:12:02.664565+00,himalayas,https://himalayas.app/companies/metawealth/jobs/senior-blockchain-engineer-rust-solana-6361450529
cb17f609-c86b-5add-9be9-7f089d2ccd81,MicroTech,,[],,,,"[""technology_employer""]",unknown,,,,,,,true,0.75,2026-10-05 09:17:32.672696+00,2026-10-05 09:17:32.672696+00,himalayas,https://himalayas.app/companies/microtech-net/jobs/system-engineer
653f30b4-d298-5b04-8386-6ed82b75dfa6,Mimecast,,[],,,,"[""technology_employer""]",hires,,,,,,,true,0.75,2026-08-29 03:36:45.598134+00,2026-08-29 04:10:29.047641+00,himalayas,https://himalayas.app/companies/mimecast/jobs/senior-sales-engineer
0d77c1ca-0387-5ab9-8663-62e98e2be4ba,MindPlus (Pvt) Ltd,,[],,,,"[""technology_employer""]",unknown,,,,,,,true,0.75,2026-10-05 09:15:02.66888+00,2026-10-05 09:16:38.669738+00,himalayas,https://himalayas.app/companies/mindplus-pvt-ltd/jobs/senior-quality-engineer
400de40e-79e7-534d-a9f7-30afe2d67a0f,MindTech,,[],,,,"[""technology_employer""]",unknown,,,,,,,true,0.75,2026-08-29 03:31:33.512565+00,2026-08-29 04:05:17.010697+00,himalayas,https://himalayas.app/companies/mindtech/jobs/desarrollador-salesforce-100-remoto
51490c79-4da4-5fdf-a846-ea76673c9a33,Mindsets,,[],,,,"[""technology_employer""]",hires,,,,,,,true,0.75,2026-08-29 03:33:51.551594+00,2026-08-29 04:07:35.041843+00,himalayas,https://himalayas.app/companies/mindsets/jobs/technical-founder
46e72503-fd87-5f99-877e-9343afe26556,Minlopro Partners,,[],,,,"[""technology_employer""]",unknown,,,,,,,true,0.75,2026-08-29 03:33:15.530291+00,2026-08-29 04:06:59.016233+00,himalayas,https://himalayas.app/companies/minlopro-partners/jobs/salesforce-technical-strategist
7a1b7606-7f5d-5340-aeff-9893ecc4e2ee,Mirantis,,[],,,,"[""technology_employer""]",hires,,,,,,,true,0.75,2026-10-05 09:21:15.112548+00,2026-10-05 09:21:15.112548+00,remoteok,https://remoteOK.com/remote-jobs/remote-software-engineer-mirantis-1137387
2cfa1102-491f-5d22-b54c-2493da2d2862,Mitratech,,[],,,,"[""technology_employer""]",unknown,,,,,,,true,0.75,2026-10-05 09:12:02.664152+00,2026-10-05 09:12:02.664152+00,himalayas,https://himalayas.app/companies/mitratech/jobs/senior-software-engineer-ai-ml
b591ac1a-8c85-56fe-9f9c-f7ea3bdf1ea6,Mitre Media,,[],,,,"[""technology_employer""]",unknown,,,,,,,true,0.75,2026-08-28 15:53:10.529995+00,2026-10-05 09:21:17.598328+00,remotive,https://remotive.com/remote-jobs/software-development/tech-lead-full-stack-rails-engineer-2069746
d8ba3451-e7c2-5518-939b-70c56b22e3f3,ModSquad,,[],,,,"[""technology_employer""]",unknown,,,,,,,true,0.75,2026-10-05 09:11:50.66119+00,2026-10-05 09:11:50.66119+00,himalayas,https://himalayas.app/companies/modsquad/jobs/solutions-engineer
746d2a95-7c1f-504f-a00f-55fe66614cdf,Modern Classrooms Project,,[],,,,"[""technology_employer""]",hires,,,,,,,true,0.75,2026-08-29 03:29:51.538453+00,2026-08-29 04:03:34.983407+00,himalayas,https://himalayas.app/companies/modern-classrooms-project/jobs/ai-video-generation-architect
ff2abc61-7525-57d2-b1a2-373894547a0e,Modern Health,,[],,,,"[""technology_employer""]",unknown,,,,,,,true,0.75,2026-08-29 03:27:45.510543+00,2026-08-29 04:01:28.948353+00,himalayas,https://himalayas.app/companies/modern-health/jobs/staff-software-engineer-frontend-platform
c9c5f270-103e-5821-b6f0-58e887c4e509,Moises Gross,,[],,,,"[""technology_employer""]",hires,,,,,,,true,0.75,2026-08-29 03:34:27.525503+00,2026-08-29 04:08:11.060637+00,himalayas,https://himalayas.app/companies/moises-gross/jobs/receptionist
82fc5cdd-0c81-5de7-a3f6-d776169b5f32,Molina Healthcare,,[],,,,"[""technology_employer""]",hires,,,,,,,true,0.75,2026-10-05 09:17:08.672933+00,2026-10-05 09:20:20.682698+00,himalayas,https://himalayas.app/companies/molina-healthcare/jobs/care-management-processor-must-reside-in-iowa
fd8b80fa-d25f-522d-b4a0-417c79b8c445,Monaire,,[],,,,"[""technology_employer""]",hires,,,,,,,true,0.75,2026-08-29 03:33:27.52051+00,2026-08-29 04:07:11.016927+00,himalayas,https://himalayas.app/companies/monaire/jobs/qa-engineer
bef637aa-f5f4-5401-8170-15f931bc01e1,Monalee,,[],,,,"[""technology_employer""]",unknown,,,,,,,true,0.75,2026-08-29 03:33:27.52051+00,2026-08-29 04:07:11.015927+00,himalayas,https://himalayas.app/companies/monalee/jobs/senior-fullstack-engineer
60461ee4-c73f-5b80-b422-a1435bf3c724,Monzo,,[],,,,"[""technology_employer""]",unknown,,,,,,,true,0.75,2026-08-29 03:33:45.553462+00,2026-08-29 04:07:29.044348+00,himalayas,https://himalayas.app/companies/monzo/jobs/senior-machine-learning-manager-borrowing
b7d31cca-5fbd-50ff-9926-60939fd1958f,Mortenson,,[],,,,"[""technology_employer""]",unknown,,,,,,,true,0.75,2026-10-05 09:13:02.669433+00,2026-10-05 09:17:20.673418+00,himalayas,https://himalayas.app/companies/mortenson/jobs/senior-construction-project-manager-i-wind
0fc0f503-8e0b-566f-908b-97049878a460,Motion,,[],,,,"[""technology_employer""]",unknown,,,,,,,true,0.75,2026-08-29 03:33:15.530291+00,2026-08-29 04:06:59.016233+00,himalayas,https://himalayas.app/companies/withmotion/jobs/sales-rep-motion-fuel
62082b30-82b4-504f-80ab-ec9018ffd71b,Movable Ink,,[],,,,"[""technology_employer""]",unknown,,,,,,,true,0.75,2026-08-29 03:36:15.575429+00,2026-08-29 04:11:05.059436+00,himalayas,https://himalayas.app/companies/movable-ink/jobs/senior-site-reliability-engineer
fa894905-d593-55aa-bae2-d696650fb929,Mozilla,,[],,,,"[""technology_employer""]",unknown,,,,,,,true,0.75,2026-08-29 03:33:39.541561+00,2026-08-29 04:07:29.044348+00,himalayas,https://himalayas.app/companies/mozilla/jobs/senior-software-engineer-firefox-security-8892073715
58c56381-d4d3-5942-a2fd-a6b1386ed16c,Mutual Of Omaha,,[],,,,"[""technology_employer""]",unknown,,,,,,,true,0.75,2026-08-29 03:36:09.571667+00,2026-08-29 04:09:53.044629+00,himalayas,https://himalayas.app/companies/mutual-of-omaha/jobs/product-owner-user-experience-8843047891
172b65f3-af06-5f98-8341-b9b3c6ef4fdd,My Amazon Guy,,[],,,,"[""technology_employer""]",unknown,,,,,,,true,0.75,2026-08-29 03:27:33.520847+00,2026-08-29 04:07:29.044348+00,himalayas,https://himalayas.app/companies/my-amazon-guy/jobs/website-specialist
47dbf706-bb78-5a88-bf9a-2a5a3db65327,Myriad Genetics,,[],,,,"[""technology_employer""]",unknown,,,,,,,true,0.75,2026-10-05 09:17:38.67274+00,2026-10-05 09:19:32.68011+00,himalayas,https://himalayas.app/companies/myriad-genetics/jobs/reimbursement-specialist-patient-accounts
32d940f2-272a-58b6-93fb-fb46134b7e58,Müller`s Solutions,,[],,,,"[""technology_employer""]",unknown,,,,,,,true,0.75,2026-08-29 03:29:51.538453+00,2026-08-29 04:03:40.986401+00,himalayas,https://himalayas.app/companies/muller-s-solutions/jobs/presales-manager
9947c46f-0a76-577b-9c15-098463d3416b,NASCO,,[],,,,"[""technology_employer""]",unknown,,,,,,,true,0.75,2026-10-05 09:11:26.666675+00,2026-10-05 09:11:26.666675+00,himalayas,https://himalayas.app/companies/nasco/jobs/sr-product-consultant
3687b4a7-0ae1-5566-9037-394eea923fc1,NCFE,,[],,,,"[""technology_employer""]",hires,,,,,,,true,0.75,2026-10-05 09:11:26.666473+00,2026-10-05 09:17:50.674569+00,himalayas,https://himalayas.app/companies/ncfe/jobs/moderators-health-adult-nursing
5781dd8f-7250-5684-97ab-38682ec6985b,NICE,,[],,,,"[""technology_employer""]",unknown,,,,,,,true,0.75,2026-08-29 03:34:09.528643+00,2026-08-29 04:10:11.042277+00,himalayas,https://himalayas.app/companies/nice/jobs/account-executive-nice-actimize
1a9f4788-81a6-5f0a-a8ac-b8172ffeb2c3,NOCD,,[],,,,"[""technology_employer""]",unknown,,,,,,,true,0.75,2026-08-29 03:33:03.522806+00,2026-08-29 04:07:47.022908+00,himalayas,https://himalayas.app/companies/nocd/jobs/mental-health-therapist-massachusetts-weekend-evening
7cebab36-2559-5dcf-bc73-13ff55c41c5e,NTT DATA,,"[""NTT DATA Romania SA""]",,,,"[""technology_employer""]",hires,,,,,,,true,0.75,2026-10-05 09:10:44.666596+00,2026-10-05 09:11:14.67755+00,himalayas,https://himalayas.app/companies/nttdata/jobs/senior-aws-integration-developer-remote-us-position-mckinney-tx-us
6074bfa9-909b-52fe-a227-1f49dcd326a0,NVIDIA,,[],,,,"[""technology_employer""]",unknown,,,,,,,true,0.75,2026-08-29 03:37:15.60401+00,2026-10-05 09:16:14.676828+00,himalayas,https://himalayas.app/companies/nvidia/jobs/senior-sram-engineer
eabd0c1a-5cda-58b3-a35a-389b3ca872bd,Nacre Capital,,[],,,,"[""technology_employer""]",unknown,,,,,,,true,0.75,2026-08-29 03:36:45.598134+00,2026-08-29 04:10:29.048641+00,himalayas,https://himalayas.app/companies/nacre-capital/jobs/finance-specialist-grant-application-specialist
d0ebf02c-2f5d-5acd-a078-45294749dec9,Nagarro,,[],,,,"[""technology_employer""]",unknown,,,,,,,true,0.75,2026-08-29 03:28:27.513559+00,2026-08-29 04:03:16.986783+00,himalayas,https://himalayas.app/companies/nagarro/jobs/associate-principal-engineer-cloud
f253704f-ba72-53c3-b6ee-18076b1d9f07,Nango,,[],,,,"[""technology_employer""]",hires,,,,,,,true,0.75,2026-08-29 03:35:03.568244+00,2026-10-05 09:13:44.666182+00,himalayas,https://himalayas.app/companies/nango/jobs/staff-platform-engineer
43e924b7-218a-577d-84b1-b353b63e5a11,Natera,,[],,,,"[""technology_employer""]",unknown,,,,,,,true,0.75,2026-10-05 09:10:44.666351+00,2026-10-05 09:10:44.666939+00,himalayas,https://himalayas.app/companies/natera/jobs/medical-science-liaison
e6ae8633-a2ae-543a-b01d-781a2fdce945,"National Debt Relief, LLC.",,[],,,,"[""technology_employer""]",hires,,,,,,,true,0.75,2026-10-05 09:15:20.671035+00,2026-10-05 09:15:20.671035+00,himalayas,https://himalayas.app/companies/national-debt-relief-llc/jobs/client-loyalty-specialist-4440290958
639e465d-70e9-55d7-8afb-eb204f415cc6,Native,,[],,,,"[""technology_employer""]",hires,,,,,,,true,0.75,2026-08-29 03:30:45.524834+00,2026-08-29 04:04:29.005808+00,himalayas,https://himalayas.app/companies/native-fm/jobs/advertising-sales-executive
e21b2d5f-3d89-55ad-b591-224ac15da609,Navitus Health Solutions,,[],,,,"[""technology_employer""]",unknown,,,,,,,true,0.75,2026-10-05 09:18:38.679426+00,2026-10-05 09:18:38.679426+00,himalayas,https://himalayas.app/companies/navitus-health-solutions/jobs/reimbursement-specialist-i-10-30-7-00pm-cst-8136054049
ffb96d64-c1bd-57cc-b40d-3a9171d24881,Nebius,,[],,,,"[""technology_employer""]",unknown,,,,,,,true,0.75,2026-08-29 03:30:33.52278+00,2026-08-29 04:04:16.992606+00,himalayas,https://himalayas.app/companies/nebius/jobs/senior-network-engineer
ac32f40f-885c-53e8-b1f9-b4991aa1a594,Nemours,,[],,,,"[""technology_employer""]",hires,,,,,,,true,0.75,2026-10-05 09:14:14.671506+00,2026-10-05 09:14:14.671506+00,himalayas,https://himalayas.app/companies/nemours/jobs/business-operations-manager
2869aeca-008e-5d1e-8b4f-5b99b3adacae,NetApp,,[],,,,"[""technology_employer""]",unknown,,,,,,,true,0.75,2026-10-05 09:12:02.664746+00,2026-10-05 09:12:02.664746+00,himalayas,https://himalayas.app/companies/netapp/jobs/ci-cd-developer-us
cf2a3ebe-862c-58f8-b0d4-62e1ad3cebc1,NetImpact Strategies,,[],,,,"[""technology_employer""]",hires,,,,,,,true,0.75,2026-10-05 09:13:56.672177+00,2026-10-05 09:14:56.669984+00,himalayas,https://himalayas.app/companies/netimpact-strategies/jobs/servicenow-system-administator
218bc6d6-26cc-5dc4-9ac8-229c5dfe68d8,NetVendor,,[],,,,"[""technology_employer""]",unknown,,,,,,,true,0.75,2026-08-29 03:32:57.652083+00,2026-08-29 04:06:41.008044+00,himalayas,https://himalayas.app/companies/netvendor/jobs/account-manager
78b932d8-72a8-5422-a1d6-c09b11209708,NeuraFlash,,[],,,,"[""technology_employer""]",unknown,,,,,,,true,0.75,2026-10-05 09:12:02.664437+00,2026-10-05 09:12:08.681676+00,himalayas,https://himalayas.app/companies/neuraflash/jobs/salesforce-consultant-change-management
c137fadf-a0a5-5682-8d11-8bcbb27b7e6a,Never Ending Travels,,[],,,,"[""technology_employer""]",hires,,,,,,,true,0.75,2026-08-29 03:34:51.545843+00,2026-08-29 04:08:35.056973+00,himalayas,https://himalayas.app/companies/never-ending-travels/jobs/remote-vacation-booker-part-time
e49f1a31-99df-5902-a619-7c9b28c04a88,NewAmsterdam Pharma,,[],,,,"[""technology_employer""]",hires,,,,,,,true,0.75,2026-08-29 03:30:57.532184+00,2026-08-29 04:04:41.006202+00,himalayas,https://himalayas.app/companies/newamsterdam-pharma/jobs/senior-manager-cmc-regulatory-affairs
d821c488-ff33-57ff-a9ec-b87b5ab95620,Newel Health,,[],,,,"[""technology_employer""]",hires,,,,,,,true,0.75,2026-08-29 03:34:03.550773+00,2026-08-29 04:07:47.021908+00,himalayas,https://himalayas.app/companies/newel-health/jobs/product-owner
1067731b-7a69-5a26-9d3b-a3f16744ea35,Newell Brands,,[],,,,"[""technology_employer""]",hires,,,,,,,true,0.75,2026-10-05 09:11:08.667617+00,2026-10-05 09:11:08.667617+00,himalayas,https://himalayas.app/companies/newell-brands/jobs/director-global-reliability-remote-remote-us-5812283760
d89f114d-1d3f-5dd8-90ed-22974ad7d04e,Newsmatics,,[],,,,"[""technology_employer""]",unknown,,,,,,,true,0.75,2026-08-29 03:36:09.572667+00,2026-08-29 04:09:53.046203+00,himalayas,https://himalayas.app/companies/newsmatics/jobs/marketing-lead-4091778987
56d9d2eb-e434-588f-8313-4b4c18d585ef,NextGen Healthcare,,[],,,,"[""technology_employer""]",unknown,,,,,,,true,0.75,2026-08-29 03:36:03.555313+00,2026-08-29 04:09:47.040484+00,himalayas,https://himalayas.app/companies/nextgen-healthcare/jobs/sr-engineer-ii-enterprise-intelligent-automation
06e29406-6cc6-5bbb-8a3d-207120394718,Nezasa,,[],,,,"[""technology_employer""]",unknown,,,,,,,true,0.75,2026-10-05 09:19:08.684623+00,2026-10-05 09:19:08.684623+00,himalayas,https://himalayas.app/companies/nezasa/jobs/customer-operations-manager-german-speaking-remote
0a0d464b-d156-535d-9649-2dfc228e2ffe,Nile Bits,,[],,,,"[""technology_employer""]",unknown,,,,,,,true,0.75,2026-08-29 03:37:21.597669+00,2026-08-29 04:11:05.059436+00,himalayas,https://himalayas.app/companies/nile-bits/jobs/senior-python-engineer
333a8a5f-49ae-5259-9f69-57d62a6f13e7,Nitrado,,[],,,,"[""technology_employer""]",unknown,,,,,,,true,0.75,2026-10-05 09:15:50.670077+00,2026-10-05 09:15:50.670077+00,himalayas,https://himalayas.app/companies/nitrado/jobs/ruby-developer-mit-gaming-interesse-m-w-d-1986400659
92b8f7ae-f7c0-55cc-b012-2785932bac74,Nodeworthy,,[],,,,"[""technology_employer""]",hires,,,,,,,true,0.75,2026-10-05 09:14:56.669774+00,2026-10-05 09:14:56.669774+00,himalayas,https://himalayas.app/companies/nodeworthy/jobs/full-stack-developer
410f2942-45be-5a46-b9c5-3864ea993f43,Nomad Internet,,[],,,,"[""technology_employer""]",hires,,,,,,,true,0.75,2026-08-29 03:31:21.540041+00,2026-08-29 04:06:59.016803+00,himalayas,https://himalayas.app/companies/nomad-internet/jobs/ui-and-bug-tester-at-nomad-internet
484d2497-413b-53bb-accf-4898420a4ea9,Nonprofit HR,,[],,,,"[""technology_employer""]",hires,,,,,,,true,0.75,2026-08-29 03:29:45.52785+00,2026-08-29 04:03:28.971771+00,himalayas,https://himalayas.app/companies/nonprofit-hr/jobs/director-of-finance-chiefs-for-change
49b218af-13f8-54df-8b76-c0491485aa43,Novee Security,,[],,,,"[""technology_employer""]",unknown,,,,,,,true,0.75,2026-10-05 09:11:50.660685+00,2026-10-05 09:11:50.660685+00,himalayas,https://himalayas.app/companies/novee-security/jobs/revenue-operations-manager
fe658a04-9d40-5b41-8487-c5647e89e81d,OPSWAT,,[],,,,"[""technology_employer""]",unknown,,,,,,,true,0.75,2026-08-29 03:31:09.507736+00,2026-08-29 04:04:53.017897+00,himalayas,https://himalayas.app/companies/opswat/jobs/vp-of-products-platform
f9924363-902c-5266-ba60-dae09e70e90e,ORCOM US,,[],,,,"[""technology_employer""]",unknown,,,,,,,true,0.75,2026-08-29 03:36:57.588643+00,2026-08-29 04:10:41.049817+00,himalayas,https://himalayas.app/companies/orcom-us/jobs/chef-de-mission-supervisor-san-francisco
e6003c68-99dd-5780-9f1f-023b4f321a6b,OZ,,[],,,,"[""technology_employer""]",unknown,,,,,,,true,0.75,2026-08-29 03:29:51.538453+00,2026-08-29 04:03:34.983407+00,himalayas,https://himalayas.app/companies/oz/jobs/digital-architect
118c3b3f-1dc8-5f79-985b-30f0aebf3fee,Oath Biome,,[],,,,"[""technology_employer""]",unknown,,,,,,,true,0.75,2026-10-05 09:13:32.672924+00,2026-10-05 09:13:32.672924+00,himalayas,https://himalayas.app/companies/oath-biome/jobs/regulatory-affairs-field-sciences-manager-europe
2c0cffcb-4d60-54c1-b2b8-4aed8e979622,Oben Technology,,[],,,,"[""technology_employer""]",hires,,,,,,,true,0.75,2026-10-05 09:15:02.668921+00,2026-10-05 09:16:38.669813+00,himalayas,https://himalayas.app/companies/oben-technology/jobs/full-stack-developer-java-spring-boot-angular-job-ref-x94x7ww3
32cbe988-6638-5b17-b06f-489374026652,Ochsner Health,,[],,,,"[""technology_employer""]",unknown,,,,,,,true,0.75,2026-08-29 03:35:57.57005+00,2026-08-29 04:09:41.053744+00,himalayas,https://himalayas.app/companies/ochsner-health/jobs/patient-account-customer-service-rep-revenue-cycle-remote
4e3a1bd4-a25f-5562-b8eb-8aced4dd2af4,"Odyssey Systems Consulting Group, Ltd.",,[],,,,"[""technology_employer""]",hires,,,,,,,true,0.75,2026-10-05 09:19:14.676065+00,2026-10-05 09:19:14.676065+00,himalayas,https://himalayas.app/companies/odyssey-systems-consulting-group-ltd/jobs/principal-platform-operations-data-ontology
8f209871-99cf-50cd-9525-fce8ff80159a,OkWhen,,[],,,,"[""technology_employer""]",hires,,,,,,,true,0.75,2026-10-05 09:21:15.11201+00,2026-10-05 09:21:15.11201+00,remoteok,https://remoteOK.com/remote-jobs/remote-senior-net-software-engineer-okwhen-1137411
e7fcca93-0bb1-52f1-99de-8ec692ffcb5a,Olsson,,[],,,,"[""technology_employer""]",unknown,,,,,,,true,0.75,2026-10-05 09:12:08.681633+00,2026-10-05 09:12:08.681633+00,himalayas,https://himalayas.app/companies/olsson-com/jobs/project-manager-industrial-market-9449114246
62342658-c26e-5b5c-8cf3-64188607eb1c,Omega Technical Services,,[],,,,"[""technology_employer""]",unknown,,,,,,,true,0.75,2026-10-05 09:11:14.677311+00,2026-10-05 09:11:14.677311+00,himalayas,https://himalayas.app/companies/omega-technical-services/jobs/lead-drafter
5d07e530-9b2d-56ad-8762-5a3344c5dad2,OnMyWay,,[],,,,"[""technology_employer""]",hires,,,,,,,true,0.75,2026-08-29 03:33:03.522806+00,2026-08-29 04:06:47.015564+00,himalayas,https://himalayas.app/companies/onmyway/jobs/social-media-marketing-manager
d0eb16fa-2ccc-5fd7-95cf-61bda75f7a00,One Impression,,[],,,,"[""technology_employer""]",unknown,,,,,,,true,0.75,2026-10-05 09:10:50.670199+00,2026-10-05 09:10:50.670199+00,himalayas,https://himalayas.app/companies/one-impression/jobs/ai-generalist-intern
49eece1c-8024-5f93-a10b-44c379161594,OneOcean,,[],,,,"[""technology_employer""]",unknown,,,,,,,true,0.75,2026-10-05 09:13:20.672038+00,2026-10-05 09:13:20.672038+00,himalayas,https://himalayas.app/companies/oneocean/jobs/software-tester-4275377958
6e7c521c-bd07-59fd-a490-1f437fc08528,OneStar Solutions,,[],,,,"[""technology_employer""]",unknown,,,,,,,true,0.75,2026-10-05 09:19:44.679197+00,2026-10-05 09:19:44.679197+00,himalayas,https://himalayas.app/companies/onestar-solutions/jobs/sales-representative-work-from-home
dfc0d5b7-a3f0-5419-86dd-fcfac9b48706,Onward Search,,[],,,,"[""technology_employer""]",unknown,,,,,,,true,0.75,2026-08-29 03:29:51.538453+00,2026-08-29 04:03:34.983407+00,himalayas,https://himalayas.app/companies/onward-search/jobs/tech-recruiter
d9e26ee2-fed6-585e-90f0-bd7893c942a5,OpenSesame,,[],,,,"[""technology_employer""]",unknown,,,,,,,true,0.75,2026-10-05 09:15:02.668071+00,2026-10-05 09:15:02.668071+00,himalayas,https://himalayas.app/companies/opensesame/jobs/sales-development-representative-6547929420
679c0e8b-5ae2-51a1-a948-6e734a73c03d,OpsBrasil Serviços Cloud LTDA,,[],,,,"[""technology_employer""]",unknown,,,,,,,true,0.75,2026-08-29 03:30:33.52278+00,2026-08-29 04:04:16.992606+00,himalayas,https://himalayas.app/companies/opsbrasil-servicos-cloud-ltda/jobs/data-engineer-102-06seng-01
2c5c22e6-de4a-55e3-bbc3-307c9875443f,Optimum7,,[],,,,"[""technology_employer""]",hires,,,,,,,true,0.75,2026-08-29 03:29:45.528849+00,2026-08-29 04:03:28.972771+00,himalayas,https://himalayas.app/companies/optimum7/jobs/account-executive-sales
b204778d-fdd1-55ac-a604-9a671599df05,Oracle,,[],,,,"[""technology_employer""]",unknown,,,,,,,true,0.75,2026-10-05 09:16:20.670418+00,2026-10-05 09:16:20.670586+00,himalayas,https://himalayas.app/companies/oracle/jobs/lead-consulting-developer-python-ai-ml-distributed-system-microservices
2b14877b-2358-59cc-a8df-67aebe9733de,Orange Business,,[],,,,"[""technology_employer""]",unknown,,,,,,,true,0.75,2026-10-05 09:17:38.672366+00,2026-10-05 09:18:50.675049+00,himalayas,https://himalayas.app/companies/orange-business/jobs/ingenieur-devops-confirme
522ae1ad-e15f-52f6-a6d1-c01dc061b92f,Orca Bio,,[],,,,"[""technology_employer""]",hires,,,,,,,true,0.75,2026-08-28 15:53:15.324837+00,2026-10-05 09:21:15.113168+00,remoteok,https://remoteOK.com/remote-jobs/remote-senior-specialist-global-qms-orca-bio-1137072
b9df746c-b973-53be-b1eb-c1488f52debc,Oregon Health & Science University,,[],,,,"[""technology_employer""]",unknown,,,,,,,true,0.75,2026-10-05 09:18:14.675196+00,2026-10-05 09:18:14.675196+00,himalayas,https://himalayas.app/companies/oregon-health-science-university/jobs/finance-and-accounting-analyst-2
25b00b69-b815-582b-8858-39ac7a384ffd,Oregon Lottery,,[],,,,"[""technology_employer""]",hires,,,,,,,true,0.75,2026-10-05 09:17:20.673499+00,2026-10-05 09:17:20.673499+00,himalayas,https://himalayas.app/companies/oregon-lottery/jobs/d365-senior-system-analyst
3e2d27f6-b89e-5e01-aab5-2c43ea333a9b,Oscar,,[],,,,"[""technology_employer""]",unknown,,,,,,,true,0.75,2026-08-29 03:31:27.52422+00,2026-08-29 04:05:10.999903+00,himalayas,https://himalayas.app/companies/oscar/jobs/physician-virtual-health-assessment-bilingual-spanish-9792791170
7d44812d-5f52-5a12-a775-85883f91d288,Outreach.io,,[],,,,"[""technology_employer""]",unknown,,,,,,,true,0.75,2026-10-05 09:11:38.661708+00,2026-10-05 09:11:38.661708+00,himalayas,https://himalayas.app/companies/outreach-io/jobs/senior-applied-scientist-knowledge-graphs-ai
db33c591-9518-578f-920b-c0350af9d196,OutsourcedIn,,[],,,,"[""technology_employer""]",hires,,,,,,,true,0.75,2026-10-05 09:16:32.675291+00,2026-10-05 09:16:32.675291+00,himalayas,https://himalayas.app/companies/outsourcedin/jobs/investment-associate
ed52560b-b672-5795-8145-ea5e1501164e,Overmind,,[],,,,"[""technology_employer""]",unknown,,,,,,,true,0.75,2026-10-05 09:12:32.674157+00,2026-10-05 09:12:38.661314+00,himalayas,https://himalayas.app/companies/overmind/jobs/blockchain-developer-2664675833
b44823c2-7d8b-507d-a1e4-a9629b6b8214,PAXAFE,,[],,,,"[""technology_employer""]",unknown,,,,,,,true,0.75,2026-08-29 03:31:15.525534+00,2026-08-29 04:04:58.995669+00,himalayas,https://himalayas.app/companies/paxafe/jobs/senior-integration-engineer-cold-chain-pharmaceutical-logistics
6a1962cc-46b5-5adb-bbf0-45a33197c138,PM Consulting,,[],,,,"[""technology_employer""]",hires,,,,,,,true,0.75,2026-10-05 09:16:20.670713+00,2026-10-05 09:16:20.670713+00,himalayas,https://himalayas.app/companies/pm-consulting/jobs/application-support-analyst
53e35df3-d31b-57ff-a62e-d8906b9273e0,POS360,,[],,,,"[""technology_employer""]",unknown,,,,,,,true,0.75,2026-08-29 03:33:57.538245+00,2026-08-29 04:07:41.033308+00,himalayas,https://himalayas.app/companies/pos360/jobs/territory-sales-representative-central-valley-ca
d9d7be05-f11b-5aba-a051-feacf88cd8d1,PSI CRO,,[],,,,"[""technology_employer""]",unknown,,,,,,,true,0.75,2026-08-29 03:36:33.584682+00,2026-08-29 04:10:17.048746+00,himalayas,https://himalayas.app/companies/psi-cro/jobs/sas-programmer-i
e625ae0d-05e4-58b7-8ef9-e2f7cd78793e,Pacifico Energy Group,,[],,,,"[""technology_employer""]",unknown,,,,,,,true,0.75,2026-08-29 03:30:39.524702+00,2026-08-29 04:04:23.025613+00,himalayas,https://himalayas.app/companies/pacifico-energy-group/jobs/gas-turbine-technical-specialist-engineering-procurement
e12b30c1-6f96-56ba-a918-e8e969a2df17,PackageX,,[],,,,"[""technology_employer""]",unknown,,,,,,,true,0.75,2026-10-05 09:16:02.670148+00,2026-10-05 09:16:02.670148+00,himalayas,https://himalayas.app/companies/packagex/jobs/senior-manager-technical-implementation-value-realization
82abecc6-0f8c-5dec-885a-edd75b9cb473,Panamax,,[],,,,"[""technology_employer""]",unknown,,,,,,,true,0.75,2026-08-29 03:32:45.528822+00,2026-08-29 04:06:35.020978+00,himalayas,https://himalayas.app/companies/panamax/jobs/head-of-sales-erp
03e4c80d-8ddc-5069-9528-5149d9c1262e,Paradigm Oral Health,,[],,,,"[""technology_employer""]",hires,,,,,,,true,0.75,2026-08-29 03:36:15.575429+00,2026-08-29 04:09:59.035937+00,himalayas,https://himalayas.app/companies/paradigm-oral-health/jobs/rcm-specialist-i-remote
a1f35fc1-216a-5293-bab8-fbd18d44d333,Parallel,,[],,,,"[""technology_employer""]",hires,,,,,,,true,0.75,2026-10-05 09:13:38.669845+00,2026-10-05 09:13:38.669845+00,himalayas,https://himalayas.app/companies/parallellearning/jobs/virtual-school-social-worker-georgia
dcd2affc-6c9f-5525-a957-ffb492b77f84,PartsBase,,[],,,,"[""technology_employer""]",hires,,,,,,,true,0.75,2026-08-29 03:35:09.548435+00,2026-08-29 04:08:53.073222+00,himalayas,https://himalayas.app/companies/partsbase/jobs/accountant
90e90958-e063-58e2-abe4-eca99adc85ad,Partyhat,,[],,,,"[""technology_employer""]",unknown,,,,,,,true,0.75,2026-08-29 03:35:09.547437+00,2026-08-29 04:08:53.073222+00,himalayas,https://himalayas.app/companies/partyhat/jobs/talent-acquisition-specialist-canada
aab65db9-20f0-50a8-9444-7ee89ec67925,Pavebank,,[],,,,"[""technology_employer""]",unknown,,,,,,,true,0.75,2026-08-29 03:35:15.553374+00,2026-10-05 09:13:32.673235+00,himalayas,https://himalayas.app/companies/pavebank/jobs/data-analyst
4225bd30-d22e-51ed-8710-c872abcc4cab,PayIt,,[],,,,"[""technology_employer""]",unknown,,,,,,,true,0.75,2026-08-29 03:37:27.569923+00,2026-08-29 04:11:11.051731+00,himalayas,https://himalayas.app/companies/payit/jobs/client-implementation-manager
9c8ff025-aa4f-5dfe-95c9-b385fdbe48b6,Pendulum Intelligence,,[],,,,"[""technology_employer""]",hires,,,,,,,true,0.75,2026-08-29 03:31:21.540041+00,2026-08-29 04:05:05.004675+00,himalayas,https://himalayas.app/companies/pendulum-intelligence/jobs/enterprise-account-executive
11983a71-d1b8-5164-86cb-778375b1fc9c,Penske,,"[""Penske Careers French""]",,,,"[""technology_employer""]",hires,,,,,,,true,0.75,2026-10-05 09:15:14.677163+00,2026-10-05 09:19:14.67646+00,himalayas,https://himalayas.app/companies/penske/jobs/virtual-diagnostic-assistant
8212c4d9-ced8-5ea7-958a-d74399d8c76d,People Rocket,,[],,,,"[""technology_employer""]",hires,,,,,,,true,0.75,2026-08-29 03:33:57.538245+00,2026-08-29 04:07:41.034309+00,himalayas,https://himalayas.app/companies/people-rocket/jobs/senior-marketing-manager
7aff81dc-99b9-5fa6-8c28-2a62a3c9b603,People.ai,,[],,,,"[""technology_employer""]",unknown,,,,,,,true,0.75,2026-10-05 09:10:44.666634+00,2026-10-05 09:10:50.670123+00,himalayas,https://himalayas.app/companies/people-ai/jobs/software-engineer-xcore-europe
d96041df-b88f-518e-b669-49a09644b174,Peraton,,[],,,,"[""technology_employer""]",hires,,,,,,,true,0.75,2026-10-05 09:12:20.666731+00,2026-10-05 09:20:20.682359+00,himalayas,https://himalayas.app/companies/peraton/jobs/lead-site-reliability-engineer
3c2d642e-d907-5da4-bc3b-acc86042bfc1,Perceptive,,[],,,,"[""technology_employer""]",unknown,,,,,,,true,0.75,2026-08-29 03:28:15.50885+00,2026-08-29 04:01:58.967447+00,himalayas,https://himalayas.app/companies/perceptive/jobs/solution-architect-medical-imaging
136d3bcf-1090-5978-8e3a-3e8c4c8f93d4,Percona,,[],,,,"[""technology_employer""]",unknown,,,,,,,true,0.75,2026-08-29 03:34:57.580963+00,2026-08-29 04:08:41.065381+00,himalayas,https://himalayas.app/companies/percona/jobs/svp-global-services
b47c4633-9983-552a-9f87-6417cbd36926,Perficient,,[],,,,"[""technology_employer""]",unknown,,,,,,,true,0.75,2026-10-05 09:13:32.673098+00,2026-10-05 09:13:32.673098+00,himalayas,https://himalayas.app/companies/perficient/jobs/forward-deployed-engineer
ec8b4d30-10f8-5a1a-9cec-c8f466355a0e,PermitFlow,,[],,,,"[""technology_employer""]",unknown,,,,,,,true,0.75,2026-10-05 09:13:38.669778+00,2026-10-05 09:13:38.669778+00,himalayas,https://himalayas.app/companies/permitflow/jobs/permit-operations-lead-nyc-hybrid
f8b98b44-444e-5dbf-a7e6-76417e852edc,Personified Tech,,[],,,,"[""technology_employer""]",unknown,,,,,,,true,0.75,2026-10-05 09:20:20.682786+00,2026-10-05 09:20:20.682786+00,himalayas,https://himalayas.app/companies/personified-tech/jobs/senior-vice-president-of-technology
32ad978f-f7d3-5c33-9e74-4421bd23d363,Personify Health,,[],,,,"[""technology_employer""]",unknown,,,,,,,true,0.75,2026-10-05 09:18:26.68172+00,2026-10-05 09:18:26.68172+00,himalayas,https://himalayas.app/companies/personify-health/jobs/account-manager
ba5f1b5e-21a4-5228-848a-f5379a2ee71d,Phoenix,,"[""Phoenix Healthcare Services, Inc.""]",,,,"[""technology_employer""]",hires,,,,,,,true,0.75,2026-08-29 03:35:33.578182+00,2026-10-05 09:18:08.677464+00,himalayas,https://himalayas.app/companies/phoenix-ca/jobs/infirmiere-praticienne-specialisee-ips-telesante
762ee910-2beb-5283-a095-139a68933fa9,PhoenixTeam,,[],,,,"[""technology_employer""]",unknown,,,,,,,true,0.75,2026-08-29 03:28:03.509287+00,2026-08-29 04:01:46.963713+00,himalayas,https://himalayas.app/companies/phoenixteam/jobs/java-full-stack-engineer
72d7ca96-da28-5717-87e0-00d882a06a48,Physical Superintelligence,,[],,,,"[""technology_employer""]",unknown,,,,,,,true,0.75,2026-10-05 09:21:15.113558+00,2026-10-05 09:21:15.113558+00,remoteok,https://remoteOK.com/remote-jobs/remote-member-of-technical-staff-engineering-physical-superintelligence-1136798
9d6bc95c-3eab-5ba9-93cb-ac77196a6da9,PickTrace,,[],,,,"[""technology_employer""]",unknown,,,,,,,true,0.75,2026-10-05 09:10:50.669698+00,2026-10-05 09:10:50.669965+00,himalayas,https://himalayas.app/companies/picktrace/jobs/senior-software-engineer
b3914e17-ce1f-5d1e-a315-0d820bb160d7,Piedmont Global Language Solutions,,[],,,,"[""technology_employer""]",unknown,,,,,,,true,0.75,2026-08-29 03:31:39.523616+00,2026-08-29 04:05:22.997641+00,himalayas,https://himalayas.app/companies/piedmont-global-language-solutions/jobs/sr-accounting-manager
76c9e3df-1df4-5ba7-b9f3-f0960d2bea45,Piedmont Healthcare,,[],,,,"[""technology_employer""]",unknown,,,,,,,true,0.75,2026-10-05 09:17:44.67465+00,2026-10-05 09:17:44.67465+00,himalayas,https://himalayas.app/companies/piedmont-healthcare/jobs/virtual-health-support-tech
b0822ed1-1e04-50e9-a92c-dbfc2ddd5aa7,Pierce,,[],,,,"[""technology_employer""]",unknown,,,,,,,true,0.75,2026-08-29 03:29:45.528849+00,2026-08-29 04:03:28.971771+00,himalayas,https://himalayas.app/companies/pierce/jobs/ai-engineer-sdlc-process-improvement
8f611eb7-9687-5343-8cf0-f53c9840d856,Pirsonal,,[],,,,"[""technology_employer""]",unknown,,,,,,,true,0.75,2026-08-29 03:30:27.510634+00,2026-08-29 04:04:11.004607+00,himalayas,https://himalayas.app/companies/pirsonal/jobs/node-js-developer
fd08728b-a538-5d3b-8d5c-48e888438f42,Pivotal Health,,[],,,,"[""technology_employer""]",unknown,,,,,,,true,0.75,2026-10-05 09:21:15.113681+00,2026-10-05 09:21:15.113681+00,remoteok,https://remoteOK.com/remote-jobs/remote-senior-software-engineer-case-execution-pivotal-health-1136795
4640526c-15d6-503f-9ad5-7e85109f29ec,Pixel Service & Consulting,,[],,,,"[""technology_employer""]",unknown,,,,,,,true,0.75,2026-08-29 03:28:21.512561+00,2026-08-29 04:02:04.952733+00,himalayas,https://himalayas.app/companies/pixel-service-consulting/jobs/fullstack-developer
e117a65f-256c-5d51-805e-6ac2234a92cb,Planit Careers,,[],,,,"[""technology_employer""]",unknown,,,,,,,true,0.75,2026-10-05 09:17:50.675083+00,2026-10-05 09:17:50.675083+00,himalayas,https://himalayas.app/companies/planit-careers/jobs/senior-systems-engineer-wintel
20445b9a-b4aa-5521-b0c2-35fd6ed014fb,Planned Systems International,,[],,,,"[""technology_employer""]",unknown,,,,,,,true,0.75,2026-10-05 09:13:32.673131+00,2026-10-05 09:16:56.669342+00,himalayas,https://himalayas.app/companies/planned-systems-international/jobs/senior-engineer-scientist-epidemiologist
434b42bf-eee3-53a8-97a0-6970e16fb8e0,Plasma,,[],,,,"[""technology_employer""]",unknown,,,,,,,true,0.75,2026-08-29 03:35:09.548435+00,2026-08-29 04:09:11.037213+00,himalayas,https://himalayas.app/companies/plasma/jobs/mid-level-to-senior-software-engineer
e0aae89b-c6e3-5fc5-92d4-75f08abde6b0,PlaybookUX,,[],,,,"[""technology_employer""]",hires,,,,,,,true,0.75,2026-08-29 03:33:15.530291+00,2026-08-29 04:06:59.016803+00,himalayas,https://himalayas.app/companies/playbookux/jobs/enterprise-account-executive
c8052e1e-2435-59fe-9de4-b39d9fa85e96,Portcast,,[],,,,"[""technology_employer""]",unknown,,,,,,,true,0.75,2026-10-05 09:11:32.667497+00,2026-10-05 09:11:38.661337+00,himalayas,https://himalayas.app/companies/portcast/jobs/sales-manager-americas
432b0c86-48d5-5fb9-bc28-84380de02a59,"Posit Software, PBC",,[],,,,"[""technology_employer""]",unknown,,,,,,,true,0.75,2026-08-29 03:35:27.582773+00,2026-08-29 04:10:47.055437+00,himalayas,https://himalayas.app/companies/posit-software-pbc/jobs/director-enterprise-sales
13407885-9324-579d-9e82-ce55c70a808c,Power Digital Marketing,,[],,,,"[""technology_employer""]",unknown,,,,,,,true,0.75,2026-08-29 03:35:33.578182+00,2026-08-29 04:09:17.047095+00,himalayas,https://himalayas.app/companies/power-digital-marketing/jobs/data-engineer-ai-analytics-8045764846
1019b54f-d791-50ba-9a06-b351a21d2bf6,PradeepIT Consulting Services Pvt Ltd,,[],,,,"[""technology_employer""]",hires,,,,,,,true,0.75,2026-08-29 03:27:33.520847+00,2026-08-29 04:06:29.022788+00,himalayas,https://himalayas.app/companies/pradeepit-consulting-services-pvt-ltd/jobs/senior-devops-developer
cf71bf81-59b2-5f3c-8d54-886de014d12d,PreVeil,,[],,,,"[""technology_employer""]",unknown,,,,,,,true,0.75,2026-08-29 03:30:57.531675+00,2026-08-29 04:04:41.005202+00,himalayas,https://himalayas.app/companies/preveil/jobs/senior-product-manager
5212e358-2828-5deb-ba25-244931299854,Prenosis,,[],,,,"[""technology_employer""]",hires,,,,,,,true,0.75,2026-10-05 09:21:15.111664+00,2026-10-05 09:21:15.111664+00,remoteok,https://remoteOK.com/remote-jobs/remote-software-engineer-prenosis-1137427
6be6fee3-fe9b-5948-a0c2-6b1504c03124,"ProSidian Consulting, LLC",,[],,,,"[""technology_employer""]",hires,,,,,,,true,0.75,2026-10-05 09:13:50.667652+00,2026-10-05 09:13:50.667652+00,himalayas,https://himalayas.app/companies/prosidian-consulting-llc/jobs/cybersecurity-digital-transformation-keynote-guest-speaker-technology-and-in
7f6fcf0e-9319-5f13-bee2-d3bc86c28ed4,Profit-Tech,,[],,,,"[""technology_employer""]",unknown,,,,,,,true,0.75,2026-08-29 03:33:57.538245+00,2026-08-29 04:07:41.034309+00,himalayas,https://himalayas.app/companies/profit-tech/jobs/technology-innovation-analyst-profit-tech
4ad8341d-52c2-5d5a-912c-9364b9ddce8c,Proof,,[],,,,"[""technology_employer""]",unknown,,,,,,,true,0.75,2026-10-05 09:12:26.665562+00,2026-10-05 09:12:38.661512+00,himalayas,https://himalayas.app/companies/proof-com/jobs/director-of-it-engineering-3236496937
b7800651-e5ea-51e4-911f-34d1f1c4c847,Proofpoint,,[],,,,"[""technology_employer""]",unknown,,,,,,,true,0.75,2026-08-29 03:34:39.562225+00,2026-08-29 04:08:23.044488+00,himalayas,https://himalayas.app/companies/proofpoint/jobs/senior-software-engineer-9792778435
df5cc363-8ef8-509d-acd4-4f4510cf952b,Propelus,,[],,,,"[""technology_employer""]",unknown,,,,,,,true,0.75,2026-08-29 03:34:57.580963+00,2026-08-29 04:08:47.060939+00,himalayas,https://himalayas.app/companies/propelus/jobs/sales-executive-central-region-remote-us
a46f93b7-4e0b-5540-831a-5586182b3548,Proper AI,,[],,,,"[""technology_employer""]",unknown,,,,,,,true,0.75,2026-10-05 09:12:38.661215+00,2026-10-05 09:12:44.66257+00,himalayas,https://himalayas.app/companies/proper-ai/jobs/accountant-ii-peru-remote
15b9eff0-a14d-5440-9654-9454d2de1e5c,Prophia,,[],,,,"[""technology_employer""]",hires,,,,,,,true,0.75,2026-08-29 03:36:51.601359+00,2026-08-29 04:10:35.040867+00,himalayas,https://himalayas.app/companies/prophia/jobs/prophia-talent-community
fa8f4414-c778-5cbb-b2d1-721237127804,Protera,,[],,,,"[""technology_employer""]",unknown,,,,,,,true,0.75,2026-08-29 03:29:45.528849+00,2026-08-29 04:03:28.972771+00,himalayas,https://himalayas.app/companies/protera/jobs/sr-consultant-sap-production-planning
1493773b-5581-5aeb-a832-89132cb029db,Providence,,[],,,,"[""technology_employer""]",hires,,,,,,,true,0.75,2026-10-05 09:13:38.669484+00,2026-10-05 09:17:20.673533+00,himalayas,https://himalayas.app/companies/providence/jobs/data-engineer-i-is-remote-9695812413
e79df035-2dd9-5458-8a67-aa2364cd3587,PulseMediaNL,,[],,,,"[""technology_employer""]",hires,,,,,,,true,0.75,2026-10-05 09:21:15.114896+00,2026-10-05 09:21:15.114896+00,remoteok,https://remoteOK.com/remote-jobs/remote-data-entry-administrator-pulsemedianl-1135903
2f08373c-e50d-5647-abe7-942e0478e04c,Pure Storage,,[],,,,"[""technology_employer""]",unknown,,,,,,,true,0.75,2026-10-05 09:10:38.66006+00,2026-10-05 09:10:38.66006+00,himalayas,https://himalayas.app/companies/pure-storage/jobs/system-engineer-queensland
438fd6ff-6eb3-569b-ac33-5f6b48ad0c4f,PureCars,,[],,,,"[""technology_employer""]",unknown,,,,,,,true,0.75,2026-08-29 03:35:45.573523+00,2026-08-29 04:09:29.057649+00,himalayas,https://himalayas.app/companies/purecars/jobs/omnichannel-performance-strategist
60fb6001-fb6a-5e0d-8dbc-418f4d608abd,Q-Tech,,[],,,,"[""technology_employer""]",unknown,,,,,,,true,0.75,2026-08-29 03:30:45.524834+00,2026-08-29 04:04:29.005808+00,himalayas,https://himalayas.app/companies/q-tech/jobs/ia-engineer
c15a3497-8b55-5490-a3d1-e43bf3465fc6,Q2 HR Solutions - Group of Companies,,[],,,,"[""technology_employer""]",hires,,,,,,,true,0.75,2026-10-05 09:20:02.681925+00,2026-10-05 09:20:02.681925+00,himalayas,https://himalayas.app/companies/q2-hr-solutions-group-of-companies/jobs/payroll-specialist
6e7cdac2-da3d-52d7-bf6e-019579a83a8b,QIMA,,[],,,,"[""technology_employer""]",unknown,,,,,,,true,0.75,2026-08-29 03:27:33.520847+00,2026-08-29 04:03:53.001446+00,himalayas,https://himalayas.app/companies/qima/jobs/regional-sales-manager-pharma-testing-tic-industry
ac4939f5-f2d0-51e1-b996-6a23075ff1bf,Quagmire IT Services LLP,,[],,,,"[""technology_employer""]",unknown,,,,,,,true,0.75,2026-10-05 09:15:26.670766+00,2026-10-05 09:15:26.670766+00,himalayas,https://himalayas.app/companies/quagmire-it-services-llp/jobs/java-full-stack-developer-spring-angular-micro-services-architecture
4892833f-9516-55ac-994a-a81312b51365,Qualfon,,[],,,,"[""technology_employer""]",unknown,,,,,,,true,0.75,2026-10-05 09:17:08.672496+00,2026-10-05 09:17:08.672496+00,himalayas,https://himalayas.app/companies/qualfon/jobs/lead-analyst-global-operations-itam-sam-cmdb-lead-administrator
7042e4b6-f5fc-5a15-b282-2f9bc3572e56,Qualus,,[],,,,"[""technology_employer""]",unknown,,,,,,,true,0.75,2026-10-05 09:14:14.671088+00,2026-10-05 09:16:50.672604+00,himalayas,https://himalayas.app/companies/qualus/jobs/principal-consultant
d68f8cab-9e18-55f3-bcdb-1c8f6773e229,Quantiphi,,[],,,,"[""technology_employer""]",unknown,,,,,,,true,0.75,2026-08-29 03:37:21.597669+00,2026-08-29 04:11:05.058435+00,himalayas,https://himalayas.app/companies/quantiphi-com/jobs/national-public-sector-sales-lead-aws-practice
4a9a691b-5230-5440-b5b9-f13298682a89,Quantum Metric,,[],,,,"[""technology_employer""]",hires,,,,,,,true,0.75,2026-08-29 03:37:27.569923+00,2026-08-29 04:11:11.051731+00,himalayas,https://himalayas.app/companies/quantum-metric/jobs/solutions-engineer-spain-german-speaking
47cea224-4a77-50f8-bce8-43443fd05ec3,Quest Defense Systems & Solutions Inc.,,[],,,,"[""technology_employer""]",unknown,,,,,,,true,0.75,2026-08-29 03:36:09.571667+00,2026-08-29 04:09:53.044629+00,himalayas,https://himalayas.app/companies/quest-defense-systems-solutions-inc/jobs/fpga-team-lead
c6238be8-f211-5ee5-89dc-5e1f7b0655a7,Quest Software,,[],,,,"[""technology_employer""]",unknown,,,,,,,true,0.75,2026-10-05 09:14:44.669525+00,2026-10-05 09:14:44.669525+00,himalayas,https://himalayas.app/companies/quest-software/jobs/senior-customer-success-manager-strategic
f8067055-d734-53cb-ad3f-e1177e0ef6a4,Quincus,,[],,,,"[""technology_employer""]",hires,,,,,,,true,0.75,2026-10-05 09:11:32.667402+00,2026-10-05 09:11:32.667402+00,himalayas,https://himalayas.app/companies/quincus/jobs/machine-learning-engineer
0a15cf37-62e5-5eb6-a081-28970567f7c7,R+L Carriers,,[],,,,"[""technology_employer""]",unknown,,,,,,,true,0.75,2026-10-05 09:19:02.67696+00,2026-10-05 09:19:02.67696+00,himalayas,https://himalayas.app/companies/r-l-carriers/jobs/developer-oracle
fc4afe75-7ba4-5c07-9e6c-04ddbe6343d4,REIZ TECH UAB,,[],,,,"[""technology_employer""]",unknown,,,,,,,true,0.75,2026-08-29 03:27:33.519844+00,2026-08-29 04:01:16.960218+00,himalayas,https://himalayas.app/companies/reiz-tech-uab/jobs/sr-php-developer-laravel-or-symfony-2365293251
9a0fec3a-07fd-5ff3-93d7-fd521c25ec30,RPM International Inc.,,[],,,,"[""technology_employer""]",unknown,,,,,,,true,0.75,2026-10-05 09:12:56.667665+00,2026-10-05 09:12:56.667665+00,himalayas,https://himalayas.app/companies/rpm-international-inc/jobs/business-analyst-wti
147d01f9-4222-5faa-b59f-84f3f40da12b,RS&H,,[],,,,"[""technology_employer""]",unknown,,,,,,,true,0.75,2026-10-05 09:14:26.669344+00,2026-10-05 09:14:26.669344+00,himalayas,https://himalayas.app/companies/rs-h/jobs/data-solutions-architect
f0761bea-be1a-530a-b40f-4f6c40e6ad2b,RTX,,[],,,,"[""technology_employer""]",hires,,,,,,,true,0.75,2026-08-29 03:36:27.577685+00,2026-08-29 04:10:11.041277+00,himalayas,https://himalayas.app/companies/rtx/jobs/digital-technology-capture-engagement-lead-program-architecture-feotb-naval-p
110777fb-94ba-5d1c-855f-b69f3cedc4d1,RWS Group,,[],,,,"[""technology_employer""]",unknown,,,,,,,true,0.75,2026-10-05 09:12:56.667555+00,2026-10-05 09:14:38.668161+00,himalayas,https://himalayas.app/companies/rws-group/jobs/account-based-marketing-manager-trainai
8623dcc5-9542-5faf-bab7-ff960b0e377c,Radity,,[],,,,"[""technology_employer""]",unknown,,,,,,,true,0.75,2026-10-05 09:16:38.669867+00,2026-10-05 09:16:38.669867+00,himalayas,https://himalayas.app/companies/radity/jobs/typescript-software-engineer
b0e89e4a-cf19-51f3-ae5a-47da0433d284,Rain Bird,,[],,,,"[""technology_employer""]",unknown,,,,,,,true,0.75,2026-10-05 09:13:44.666696+00,2026-10-05 09:15:26.670834+00,himalayas,https://himalayas.app/companies/rain-bird/jobs/director-of-product-hardware
310af10b-9ff0-5d70-ba62-2e18cc66dbca,RainFocus,,[],,,,"[""technology_employer""]",unknown,,,,,,,true,0.75,2026-08-28 15:53:15.325842+00,2026-08-29 04:12:45.335563+00,remoteok,https://remoteOK.com/remote-jobs/remote-senior-governance-risk-and-compliance-analyst-rainfocus-1137061
5c768343-95ce-5c67-9acd-edeffda51040,Rand Group,,[],,,,"[""technology_employer""]",unknown,,,,,,,true,0.75,2026-08-29 03:31:27.52422+00,2026-08-29 04:05:10.998901+00,himalayas,https://himalayas.app/companies/rand-group/jobs/d365-business-central-functional-consultant
1a93b859-ed50-5ae0-aaa1-20d4cab48a3e,Realpage,,[],,,,"[""technology_employer""]",unknown,,,,,,,true,0.75,2026-10-05 09:14:32.6664+00,2026-10-05 09:19:26.681704+00,himalayas,https://himalayas.app/companies/realpage/jobs/product-manager-ai-renter-s-insurance
7347e1cb-660b-52f2-80f8-972e3ea249f1,Realty ONE Group,,[],,,,"[""technology_employer""]",unknown,,,,,,,true,0.75,2026-08-29 03:29:33.511881+00,2026-08-29 04:03:16.986783+00,himalayas,https://himalayas.app/companies/realty-one-group/jobs/real-estate-business-coach
14e7006e-2afb-5eb5-a6f2-6185b0c03430,Recyda,,[],,,,"[""technology_employer""]",unknown,,,,,,,true,0.75,2026-08-29 03:33:27.52151+00,2026-08-29 04:07:11.016927+00,himalayas,https://himalayas.app/companies/recyda/jobs/sales-development-representative-saas-sustainability
05c5ca22-d7cd-5528-a1ef-1991842e3a61,Red Gold,,[],,,,"[""technology_employer""]",unknown,,,,,,,true,0.75,2026-08-29 03:30:57.531675+00,2026-08-29 04:04:41.005202+00,himalayas,https://himalayas.app/companies/red-gold/jobs/regional-sales-manager-k12-foodservice
26f7163e-584d-5789-afb0-949c5b446aa3,Red Ventures,,[],,,,"[""technology_employer""]",hires,,,,,,,true,0.75,2026-08-29 03:35:21.553438+00,2026-08-29 04:10:17.047747+00,himalayas,https://himalayas.app/companies/red-ventures/jobs/forward-deployed-engineer-bankrate
7abba01a-381b-59c6-91c5-293f7ab538b2,RedMimicry,,[],,,,"[""technology_employer""]",hires,,,,,,,true,0.75,2026-10-05 09:21:15.11183+00,2026-10-05 09:21:15.11183+00,remoteok,https://remoteOK.com/remote-jobs/remote-software-developer-security-analytics-redmimicry-1137417
ffedfd2e-9659-55a8-97de-d1b3c2d9d609,Redapt Inc.,,[],,,,"[""technology_employer""]",hires,,,,,,,true,0.75,2026-08-29 03:35:51.574879+00,2026-08-29 04:09:35.071689+00,himalayas,https://himalayas.app/companies/redapt-inc/jobs/senior-client-director-sales
2822e483-11df-5ebd-b635-09e545ca95d1,Reddit,,[],,,,"[""technology_employer""]",unknown,,,,,,,true,0.75,2026-08-29 03:27:39.512402+00,2026-08-29 04:01:22.95283+00,himalayas,https://himalayas.app/companies/reddit/jobs/machine-learning-engineer-ads-optimization-ads-marketplace-quality
db2b7971-00cd-5f7e-9ab6-f09614cadedc,Reed,,[],,,,"[""technology_employer""]",unknown,,,,,,,true,0.75,2026-08-28 15:53:15.323833+00,2026-08-29 04:12:45.333563+00,remoteok,https://remoteOK.com/remote-jobs/remote-estimator-reed-1137146
34bd5fdd-3127-57e6-a9e8-a809b3130ba9,Relation Insurance,,[],,,,"[""technology_employer""]",unknown,,,,,,,true,0.75,2026-08-29 03:33:21.522334+00,2026-08-29 04:07:05.030807+00,himalayas,https://himalayas.app/companies/relation-insurance/jobs/account-manager-personal-lines
0209b254-8b8a-5c6f-81d5-b7e421603dfa,Relay,,[],,,,"[""technology_employer""]",unknown,,,,,,,true,0.75,2026-10-05 09:10:44.666514+00,2026-10-05 09:11:44.665676+00,himalayas,https://himalayas.app/companies/relay-cc/jobs/frontend-developer-react-typescript-1964911251
4dae7162-8ccb-5dcf-b06b-0f4de73c6652,Remedy Product Studio,,[],,,,"[""technology_employer""]",unknown,,,,,,,true,0.75,2026-08-29 03:35:51.574369+00,2026-10-05 09:12:08.681723+00,himalayas,https://himalayas.app/companies/remedy-product-studio/jobs/mobile-engineer-react-native-flutter-9497624356
9d2b9973-8cfa-54c6-ad4e-6f561bbc5157,Remote Office,,[],,,,"[""technology_employer""]",hires,,,,,,,true,0.75,2026-08-29 03:28:03.508286+00,2026-08-29 04:01:52.973689+00,himalayas,https://himalayas.app/companies/remote-office/jobs/quality-assurance-engineer-windows
f46190e7-cca3-556b-a405-a63c80f9a53c,Remote Recruitment,,[],,,,"[""technology_employer""]",hires,,,,,,,true,0.75,2026-08-29 03:36:03.555313+00,2026-08-29 04:09:53.044629+00,himalayas,https://himalayas.app/companies/remote-recruitment/jobs/call-centre-agent-5951083535
0f9a337e-c12d-5956-8ee0-e1f09b03f0ad,Resilience Lab,,[],,,,"[""technology_employer""]",unknown,,,,,,,true,0.75,2026-10-05 09:12:26.665294+00,2026-10-05 09:12:38.661076+00,himalayas,https://himalayas.app/companies/resilience-lab/jobs/mental-health-therapist-lmsw-or-mhc-lp-2653519432
b339e47c-9973-5bc9-b73f-750182662b1d,Resource Guru,,[],,,,"[""technology_employer""]",hires,,,,,,,true,0.75,2026-10-05 09:21:15.115016+00,2026-10-05 09:21:15.115016+00,remoteok,https://remoteOK.com/remote-jobs/remote-customer-support-specialist-resource-guru-1136066
955cb642-873b-5139-ba48-3372d97d72a8,ResponsiveAds,,[],,,,"[""technology_employer""]",unknown,,,,,,,true,0.75,2026-08-29 03:29:51.538453+00,2026-08-29 04:03:34.983407+00,himalayas,https://himalayas.app/companies/responsiveads/jobs/responsiveads-senior-full-stack-developer
9570ce18-8c0d-55b9-982a-f4daab61a9e0,Rev Star,,[],,,,"[""technology_employer""]",hires,,,,,,,true,0.75,2026-10-05 09:11:26.666361+00,2026-10-05 09:13:02.669519+00,himalayas,https://himalayas.app/companies/rev-star/jobs/forward-deployed-engineer-aws-4144383661
11328e44-a080-589d-9249-370a7b377709,"Revamp Engineering, Inc.",,[],,,,"[""technology_employer""]",unknown,,,,,,,true,0.75,2026-10-05 09:19:02.676787+00,2026-10-05 09:19:02.676787+00,himalayas,https://himalayas.app/companies/revamp-engineering-inc/jobs/structural-design-engineer-pv-solar-storage
c48f1302-6ed1-566e-9aa5-71c9820b46a5,Revinate,,[],,,,"[""technology_employer""]",unknown,,,,,,,true,0.75,2026-10-05 09:11:20.682327+00,2026-10-05 09:11:20.682327+00,himalayas,https://himalayas.app/companies/revinate/jobs/senior-sales-executive-oceania
3e941a08-d1ff-574c-951e-5f30543fa610,Revionics,,[],,,,"[""technology_employer""]",unknown,,,,,,,true,0.75,2026-08-29 03:30:39.523703+00,2026-08-29 04:04:23.025613+00,himalayas,https://himalayas.app/companies/revionics/jobs/sr-software-developer
bc4a59c0-2e8f-5fef-8d96-8faf4fc972b9,Revvity,,[],,,,"[""technology_employer""]",hires,,,,,,,true,0.75,2026-08-29 03:30:57.532184+00,2026-08-29 04:04:41.005202+00,himalayas,https://himalayas.app/companies/revvity/jobs/sr-hr-manager-capability-development-strategic-initiatives
b2136be5-82e3-5553-9d57-db0a1097b805,Rezedent,,[],,,,"[""technology_employer""]",unknown,,,,,,,true,0.75,2026-08-29 03:31:33.511558+00,2026-08-29 04:05:17.010697+00,himalayas,https://himalayas.app/companies/rezedent/jobs/business-development-property-management-software-startup
780e3210-4e47-5536-b406-ce8e6ea22cff,Rice University,,[],,,,"[""technology_employer""]",unknown,,,,,,,true,0.75,2026-10-05 09:13:26.666256+00,2026-10-05 09:13:26.666256+00,himalayas,https://himalayas.app/companies/rice-university/jobs/data-scientist
c06587b3-7c3f-54cc-a999-bffab7a09b7b,Rightway,,[],,,,"[""technology_employer""]",unknown,,,,,,,true,0.75,2026-08-29 03:35:27.583773+00,2026-10-05 09:11:56.662138+00,himalayas,https://himalayas.app/companies/rightway/jobs/product-support-specialist
60297ed9-8873-5ee6-bfdb-0fac0057be1a,Ritchie Bros.,,[],,,,"[""technology_employer""]",hires,,,,,,,true,0.75,2026-10-05 09:16:20.67046+00,2026-10-05 09:16:20.670504+00,himalayas,https://himalayas.app/companies/ritchie-bros/jobs/staff-software-engineer
ad542f67-14ef-59c6-ba0b-ec5892d2b2cc,Rolls-Royce Power Systems,,[],,,,"[""technology_employer""]",unknown,,,,,,,true,0.75,2026-08-29 03:30:57.532184+00,2026-08-29 04:04:41.005202+00,himalayas,https://himalayas.app/companies/rolls-royce-power-systems/jobs/controls-engineer-specialist
1cfede42-f44a-5e47-b962-293558fb69ff,Rootstock Software,,[],,,,"[""technology_employer""]",hires,,,,,,,true,0.75,2026-10-05 09:17:38.672409+00,2026-10-05 09:17:38.672409+00,himalayas,https://himalayas.app/companies/rootstock-software/jobs/sales-development-representative
7e341da1-4a26-5bc4-9efe-f55c4ab45941,Rowan,,[],,,,"[""technology_employer""]",unknown,,,,,,,true,0.75,2026-08-28 15:53:15.324837+00,2026-08-29 04:12:45.334564+00,remoteok,https://remoteOK.com/remote-jobs/remote-retail-store-associate-rowan-1137073
4fd7e81f-8113-50a4-9593-743decbbfe57,Royal Caribbean Group,,[],,,,"[""technology_employer""]",unknown,,,,,,,true,0.75,2026-08-28 15:53:15.322329+00,2026-08-29 04:12:45.331563+00,remoteok,https://remoteOK.com/remote-jobs/remote-sourcer-private-destinations-royal-caribbean-group-1137172
e74cda01-445e-5a95-9d22-45ce0e024406,Rupa Health,,[],,,,"[""technology_employer""]",unknown,,,,,,,true,0.75,2026-10-05 09:12:50.661882+00,2026-10-05 09:12:50.661882+00,himalayas,https://himalayas.app/companies/rupa-health/jobs/medical-video-content-creator-contract-position-1228859623
51531a6f-502d-5877-8c7f-45925e5c0ea5,Ryan,,"[""Ryan Specialty""]",,,,"[""technology_employer""]",unknown,,,,,,,true,0.75,2026-08-29 03:29:33.512881+00,2026-08-29 04:06:47.015564+00,himalayas,https://himalayas.app/companies/ryan/jobs/sr-consultant-tax-technology
64043f82-efa7-5b8d-a3ba-33339507505c,SAGlobal,,[],,,,"[""technology_employer""]",unknown,,,,,,,true,0.75,2026-08-29 03:34:27.524504+00,2026-08-29 04:08:11.059635+00,himalayas,https://himalayas.app/companies/saglobal/jobs/dynamics-365-f-o-functional-consultant
77629cc4-b39e-50ed-951f-bd2791674397,SAMC SitusAMC Holdings Corp,,[],,,,"[""technology_employer""]",unknown,,,,,,,true,0.75,2026-08-29 03:30:39.523703+00,2026-08-29 04:04:23.024616+00,himalayas,https://himalayas.app/companies/samc-situsamc-holdings-corp/jobs/sr-platform-engineer-remote-us
a6a9671a-8f9d-5b6a-a4fa-195ee8fc6117,SCAN,,[],,,,"[""technology_employer""]",unknown,,,,,,,true,0.75,2026-08-29 03:31:15.525534+00,2026-08-29 04:04:58.99467+00,himalayas,https://himalayas.app/companies/scan/jobs/ai-security-engineer-grc
9cb6bd49-ce24-5262-bd7f-913425471a31,SEI,,[],,,,"[""technology_employer""]",unknown,,,,,,,true,0.75,2026-08-29 03:34:09.528131+00,2026-08-29 04:10:53.049449+00,himalayas,https://himalayas.app/companies/sei/jobs/supervisor-private-equity-hedge-funds
6a2ef1cb-f8de-5fb2-9c1a-a1a24d760a4f,SHI International Corp.,,[],,,,"[""technology_employer""]",hires,,,,,,,true,0.75,2026-08-29 03:36:33.584682+00,2026-08-29 04:10:17.047747+00,himalayas,https://himalayas.app/companies/shi-international-corp/jobs/solutions-engineer-enterprise-san-francisco
0676ea6a-0223-5c1e-8b0f-1459e911e21b,SIHO Insurance Services,,[],,,,"[""technology_employer""]",unknown,,,,,,,true,0.75,2026-10-05 09:21:15.111481+00,2026-10-05 09:21:15.111481+00,remoteok,https://remoteOK.com/remote-jobs/remote-director-payment-integrity-siho-insurance-services-1137434
78cb2c37-a6ed-51e8-93d7-e5f7737149c8,SLB,,[],,,,"[""technology_employer""]",hires,,,,,,,true,0.75,2026-10-05 09:21:15.113841+00,2026-10-05 09:21:15.113841+00,remoteok,https://remoteOK.com/remote-jobs/remote-real-time-drilling-ops-centre-analyst-slb-1136857
3e7aeffe-4e39-57e7-aea0-d41ae5d7357f,SOLV Energy,,[],,,,"[""technology_employer""]",hires,,,,,,,true,0.75,2026-10-05 09:15:56.677709+00,2026-10-05 09:15:56.677709+00,himalayas,https://himalayas.app/companies/solv-energy/jobs/nicx-technician
e0fd1817-0243-58d6-bd7a-64b788297dba,SP+,,[],,,,"[""technology_employer""]",unknown,,,,,,,true,0.75,2026-10-05 09:13:02.669336+00,2026-10-05 09:13:02.669336+00,himalayas,https://himalayas.app/companies/sp/jobs/senior-manager-events-operations
10fad38b-80ee-5779-8ccb-8d67a94d5d9a,SPADE Security Services,,[],,,,"[""technology_employer""]",hires,,,,,,,true,0.75,2026-08-29 03:33:21.522334+00,2026-08-29 04:07:05.029807+00,himalayas,https://himalayas.app/companies/spade-security-services/jobs/remote-security-sales-representative-commission-based
d6e96b1d-e98f-5b95-bb0d-5a5efaf75bcb,SQLI,,[],,,,"[""technology_employer""]",unknown,,,,,,,true,0.75,2026-08-29 03:29:39.521905+00,2026-08-29 04:03:22.984184+00,himalayas,https://himalayas.app/companies/sqli/jobs/qa-automation-back-front-selenium-java-playwright-typescript
94f5346d-0b6c-5fcd-a6cd-ae745bbb5def,SSOE Group,,[],,,,"[""technology_employer""]",hires,,,,,,,true,0.75,2026-10-05 09:20:14.681778+00,2026-10-05 09:20:14.681778+00,himalayas,https://himalayas.app/companies/ssoe-group/jobs/senior-structural-designer
95a60eba-eb1f-58bd-be25-72362c39f532,STERRY,,[],,,,"[""technology_employer""]",hires,,,,,,,true,0.75,2026-08-29 03:36:45.598134+00,2026-08-29 04:10:29.047641+00,himalayas,https://himalayas.app/companies/sterry/jobs/fashion-product-developer-designer-8492227955
ecccb725-d588-531d-b30c-7482b7347048,SVI BREMCO,,[],,,,"[""technology_employer""]",hires,,,,,,,true,0.75,2026-08-29 03:31:39.523616+00,2026-08-29 04:05:22.998149+00,himalayas,https://himalayas.app/companies/svi-bremco/jobs/outage-project-estimator-hrsg-boiler-outage-services
ff4912d4-9016-5143-9cd7-265f2bf9873c,SafeLease,,[],,,,"[""technology_employer""]",unknown,,,,,,,true,0.75,2026-08-29 03:35:03.569244+00,2026-10-05 09:13:44.666382+00,himalayas,https://himalayas.app/companies/safelease/jobs/marketing-events-and-social-media-specialist
5a71ecb3-023c-5d1a-a0b4-88a11a82d013,Saguaro Solar,,[],,,,"[""technology_employer""]",unknown,,,,,,,true,0.75,2026-08-29 03:34:51.545843+00,2026-08-29 04:08:35.056973+00,himalayas,https://himalayas.app/companies/saguaro-solar/jobs/estimator
4429dcb2-7c25-5366-9a6a-d98415d4c303,Salesforce,,[],,,,"[""technology_employer""]",unknown,,,,,,,true,0.75,2026-08-29 03:31:03.50757+00,2026-10-05 09:11:20.681931+00,himalayas,https://himalayas.app/companies/salesforce/jobs/portfolio-leader-manager-sr-manager-director
e406603f-9eb9-55d1-947d-fe66a87c6ac6,Salesforge,,[],,,,"[""technology_employer""]",hires,,,,,,,true,0.75,2026-08-28 15:53:15.323833+00,2026-10-05 09:21:15.113127+00,remoteok,https://remoteOK.com/remote-jobs/remote-senior-backend-engineer-build-ai-agents-salesforge-1137114
85065121-34bd-5d59-8ac6-3444dff65f8f,Samsara,,[],,,,"[""technology_employer""]",unknown,,,,,,,true,0.75,2026-10-05 09:12:44.662398+00,2026-10-05 09:12:56.667025+00,himalayas,https://himalayas.app/companies/samsara/jobs/customer-success-manager
9e7eb5c2-b9b4-5427-9f00-27ef76274537,Sanctuary Computer,,"[""Sanctuary Computer Inc""]",,,,"[""technology_employer""]",hires,,,,,,,true,0.75,2026-10-05 09:21:15.112224+00,2026-10-05 09:21:17.598124+00,remoteok,https://remoteOK.com/remote-jobs/remote-senior-shopify-developer-sanctuary-computer-1137405
42c0259d-453d-5f1c-a79e-ebc9963586d0,Sargent & Lundy,,[],,,,"[""technology_employer""]",hires,,,,,,,true,0.75,2026-10-05 09:13:32.672841+00,2026-10-05 09:17:44.67469+00,himalayas,https://himalayas.app/companies/sargent-lundy/jobs/instructor-led-training-specialist-development-and-facilitation
9c2ac7d1-b9c8-5a84-8288-3bf6a79320b5,Satellite Office,,[],,,,"[""technology_employer""]",hires,,,,,,,true,0.75,2026-10-05 09:16:14.677362+00,2026-10-05 09:16:14.677362+00,himalayas,https://himalayas.app/companies/satellite-office/jobs/it-support-associate-1715538500
1731f008-72ad-5866-b21d-3a32fb63eb72,Saviynt,,[],,,,"[""technology_employer""]",unknown,,,,,,,true,0.75,2026-08-29 03:27:39.512402+00,2026-08-29 04:01:22.95183+00,himalayas,https://himalayas.app/companies/saviynt/jobs/sr-revenue-systems-and-operations-specialist
953f2909-42d9-5c4c-aaa4-19a16729951b,Saybrus Partners,,[],,,,"[""technology_employer""]",unknown,,,,,,,true,0.75,2026-08-29 03:28:27.512561+00,2026-08-29 04:02:10.960261+00,himalayas,https://himalayas.app/companies/saybrus-partners/jobs/saybrus-internal-sales-consultant
d12e1590-8e54-56a6-a62e-37badd7506e8,ScaleJet,,[],,,,"[""technology_employer""]",hires,,,,,,,true,0.75,2026-10-05 09:16:56.669767+00,2026-10-05 09:20:14.681845+00,himalayas,https://himalayas.app/companies/scalejet/jobs/amazon-graphic-designer-1363809961
ccd649a1-cebb-5412-b07c-3fa6e6219014,Scalepex,,[],,,,"[""technology_employer""]",unknown,,,,,,,true,0.75,2026-08-29 03:37:09.591455+00,2026-08-29 04:10:53.050511+00,himalayas,https://himalayas.app/companies/scalepex/jobs/sr-tech-project-manager-remote-only-mexico
b1ec7187-ac5a-5b8d-8093-b2e05e44958c,Scentbird,,[],,,,"[""technology_employer""]",unknown,,,,,,,true,0.75,2026-08-29 03:30:57.530672+00,2026-08-29 04:04:41.005202+00,himalayas,https://himalayas.app/companies/scentbird/jobs/senior-manager-customer-service
44e8b638-5d68-5e5d-9440-dcb6460f0965,SchoolStatus,,[],,,,"[""technology_employer""]",unknown,,,,,,,true,0.75,2026-08-29 03:35:33.578182+00,2026-08-29 04:09:17.048158+00,himalayas,https://himalayas.app/companies/schoolstatus/jobs/account-executive-future-opportunities
a21fd3ca-0548-59c7-aa81-c63be6c18266,Sciens Building Solutions,,[],,,,"[""technology_employer""]",unknown,,,,,,,true,0.75,2026-08-29 03:33:15.530291+00,2026-08-29 04:06:59.016233+00,himalayas,https://himalayas.app/companies/sciens-building-solutions/jobs/chief-information-security-officer
562b0865-84f5-5e67-94a9-f9f058252e77,Seaport Scripps Home Health,,[],,,,"[""technology_employer""]",hires,,,,,,,true,0.75,2026-08-29 03:31:33.512565+00,2026-08-29 04:05:17.011697+00,himalayas,https://himalayas.app/companies/seaport-scripps-home-health/jobs/quality-assurance-registered-nurse-rn-home-health
c5d3b2c6-a94e-55c1-85e4-d04bb73cf4bb,SeatGeek,,[],,,,"[""technology_employer""]",unknown,,,,,,,true,0.75,2026-08-29 03:35:39.538978+00,2026-08-29 04:11:05.059436+00,himalayas,https://himalayas.app/companies/seatgeek/jobs/engineering-manager-supportx
6445bbfc-3a98-5b66-9191-af8f9ea8d5c7,Securitas,,[],,,,"[""technology_employer""]",hires,,,,,,,true,0.75,2026-10-05 09:19:44.679376+00,2026-10-05 09:19:44.679376+00,himalayas,https://himalayas.app/companies/securitas/jobs/senior-product-manager
9f5b6acf-5511-5146-af98-399983edbd35,SecurityScorecard,,[],,,,"[""technology_employer""]",unknown,,,,,,,true,0.75,2026-08-29 03:30:03.522469+00,2026-08-29 04:03:53.002446+00,himalayas,https://himalayas.app/companies/securityscorecard/jobs/senior-data-engineer-4305156526
d0bd5e56-fe4f-51f3-afd1-a26b73c3cd98,Seedify,,[],,,,"[""technology_employer""]",unknown,,,,,,,true,0.75,2026-10-05 09:12:44.662317+00,2026-10-05 09:12:50.661925+00,himalayas,https://himalayas.app/companies/seedify/jobs/sales-onboarding-lead-4690756644
64d9acb4-4d1c-5822-b510-8a23159407dc,Seez,,[],,,,"[""technology_employer""]",unknown,,,,,,,true,0.75,2026-10-05 09:15:50.670373+00,2026-10-05 09:15:50.670373+00,himalayas,https://himalayas.app/companies/seez/jobs/motion-designer-video-editor-contract-4699661707
f848c9f3-c12b-5ebe-9680-8273aa61d9f5,Seismic,,[],,,,"[""technology_employer""]",unknown,,,,,,,true,0.75,2026-10-05 09:20:26.684397+00,2026-10-05 09:20:26.684397+00,himalayas,https://himalayas.app/companies/seismic-change/jobs/senior-enterprise-sales-director
c924ea80-97d3-58a2-96e6-cc5d8a9337e6,Semaphore Solutions,,[],,,,"[""technology_employer""]",hires,,,,,,,true,0.75,2026-08-29 03:34:51.545843+00,2026-08-29 04:08:35.056973+00,himalayas,https://himalayas.app/companies/semaphore-solutions/jobs/lims-consultant-2471506156
b7b278d6-bd34-5bdb-be06-a0a75bdce5a6,SemiAnalysis,,[],,,,"[""technology_employer""]",hires,,,,,,,true,0.75,2026-10-05 09:15:02.668323+00,2026-10-05 09:16:14.676784+00,himalayas,https://himalayas.app/companies/semianalysis/jobs/ai-infrastructure-credit-research-analyst
311bfef5-a1ff-53a6-9291-439d37814b9b,Sensient Technologies,,[],,,,"[""technology_employer""]",unknown,,,,,,,true,0.75,2026-10-05 09:19:50.676636+00,2026-10-05 09:19:50.676636+00,himalayas,https://himalayas.app/companies/sensient-technologies/jobs/senior-sales-account-manager-andean-4537973985
3ea47645-76a0-5917-829a-9960d12f66d6,SentinelOne,,[],,,,"[""technology_employer""]",unknown,,,,,,,true,0.75,2026-08-29 03:35:33.578182+00,2026-08-29 04:10:11.042277+00,himalayas,https://himalayas.app/companies/sentinelone/jobs/senior-social-media-specialist
df79d073-b92c-5ac3-a108-c62a43b78922,Sephora,,[],,,,"[""technology_employer""]",hires,,,,,,,true,0.75,2026-10-05 09:12:38.66118+00,2026-10-05 09:12:38.66118+00,himalayas,https://himalayas.app/companies/sephora/jobs/manager-product-design-remote-ca-us-usa_519431
5991b4af-2933-5a4e-a312-b20828e54845,"Services For The Underserved, Inc.",,[],,,,"[""technology_employer""]",unknown,,,,,,,true,0.75,2026-10-05 09:15:08.67046+00,2026-10-05 09:15:08.67046+00,himalayas,https://himalayas.app/companies/services-for-the-underserved-inc/jobs/ai-engineer
a90618f8-b7fb-57b6-8fbc-207789b523b5,Shapr3D,,[],,,,"[""technology_employer""]",unknown,,,,,,,true,0.75,2026-10-05 09:21:15.114238+00,2026-10-05 09:21:15.114238+00,remoteok,https://remoteOK.com/remote-jobs/remote-future-shaprs-shapr3d-1136770
b9cd4b03-a3fe-5684-b546-8a0b5b37fa18,Sharecare,,[],,,,"[""technology_employer""]",unknown,,,,,,,true,0.75,2026-08-29 03:27:33.519844+00,2026-08-29 04:01:16.960218+00,himalayas,https://himalayas.app/companies/sharecare/jobs/customer-service-representative-remote-1832276311
b7881a39-0065-5c7c-9af8-a128d41f2516,SharkNinja,,[],,,,"[""technology_employer""]",unknown,,,,,,,true,0.75,2026-08-29 03:30:03.523494+00,2026-08-29 04:03:47.016028+00,himalayas,https://himalayas.app/companies/sharkninja/jobs/demand-gen-specialist-amazon
e68b3172-3665-5ffb-adfc-952ab4143214,Shatterproof,,[],,,,"[""technology_employer""]",unknown,,,,,,,true,0.75,2026-08-28 15:53:10.529995+00,2026-08-29 04:12:47.672911+00,remotive,https://remotive.com/remote-jobs/all-others/vice-president-technology-digital-strategy-2091104
258cb35d-67c3-5c92-9e5a-7eeee17d464f,Sherwin-Williams,,[],,,,"[""technology_employer""]",hires,,,,,,,true,0.75,2026-10-05 09:13:56.672492+00,2026-10-05 09:13:56.672492+00,himalayas,https://himalayas.app/companies/sherwin-williams/jobs/senior-data-security-analyst
e84e9036-28f3-59cc-a80f-ed5429faa154,ShippyPro,,[],,,,"[""technology_employer""]",unknown,,,,,,,true,0.75,2026-10-05 09:12:14.666995+00,2026-10-05 09:12:14.666995+00,himalayas,https://himalayas.app/companies/shippypro/jobs/gtm-engineer
c76159de-34fc-5ea0-b65d-eb9bb94655a8,Shoppers Drug Mart,,[],,,,"[""technology_employer""]",unknown,,,,,,,true,0.75,2026-08-28 15:53:15.325842+00,2026-08-29 04:12:45.336563+00,remoteok,https://remoteOK.com/remote-jobs/remote-post-office-manager-shoppers-drug-mart-1137063
22beaba8-905d-542c-a467-40c5cfbbefcf,Shopra,,[],,,,"[""technology_employer""]",hires,,,,,,,true,0.75,2026-10-05 09:13:26.666879+00,2026-10-05 09:13:26.666879+00,himalayas,https://himalayas.app/companies/shopra/jobs/junior-full-stack-developer-ruby-on-rails-react
d5577796-c5c1-5801-a6f8-10a86e0be442,"Siegen HR Solutions, Inc.",,[],,,,"[""technology_employer""]",unknown,,,,,,,true,0.75,2026-10-05 09:14:38.667613+00,2026-10-05 09:19:14.676317+00,himalayas,https://himalayas.app/companies/siegen-hr-solutions-inc/jobs/analytics-and-modeling-manager-data-scientist
84855ab5-1cf4-5117-a3d5-00e3769a7df7,Siemens Healthineers,,[],,,,"[""technology_employer""]",unknown,,,,,,,true,0.75,2026-10-05 09:14:08.667513+00,2026-10-05 09:14:08.667513+00,himalayas,https://himalayas.app/companies/siemens-healthineers/jobs/regional-informatics-sales-executive-rise-8686598806
d182f4ef-1f77-5d16-9dff-0a8a84202643,SignGlasses,,[],,,,"[""technology_employer""]",hires,,,,,,,true,0.75,2026-10-05 09:11:56.662088+00,2026-10-05 09:11:56.662088+00,himalayas,https://himalayas.app/companies/signglasses/jobs/spanish-cart-captioner
62117f44-09a6-51d1-b966-53719c538569,Signature Aviation,,[],,,,"[""technology_employer""]",unknown,,,,,,,true,0.75,2026-08-29 03:35:51.574369+00,2026-08-29 04:09:35.071689+00,himalayas,https://himalayas.app/companies/signature-aviation/jobs/innovation-analyst
abcf1b1c-2932-55ec-b2b1-949dcaf97f62,Simple Software Solutions Group,,[],,,,"[""technology_employer""]",hires,,,,,,,true,0.75,2026-08-29 03:30:33.52278+00,2026-08-29 04:04:16.993603+00,himalayas,https://himalayas.app/companies/simple-software-solutions-group/jobs/sap-fico-functional-lead-remote-with-some-travel
e57fc07b-53b0-596e-a34c-86fe6ef68c7e,Sinch,,[],,,,"[""technology_employer""]",hires,,,,,,,true,0.75,2026-10-05 09:17:44.675009+00,2026-10-05 09:20:26.684173+00,himalayas,https://himalayas.app/companies/sinch/jobs/sr-site-reliability-engineer
fa98db09-e9f4-5e3b-824b-d9876e821352,Sisal Hub Albania,,[],,,,"[""technology_employer""]",unknown,,,,,,,true,0.75,2026-08-28 15:53:15.322329+00,2026-08-29 04:12:45.331563+00,remoteok,https://remoteOK.com/remote-jobs/remote-people-director-sisal-hub-albania-1137175
16d19909-7305-5929-9379-ed595c6dac23,Skalierung Mittelstand,,[],,,,"[""technology_employer""]",unknown,,,,,,,true,0.75,2026-08-29 03:33:09.497375+00,2026-08-29 04:06:53.009327+00,himalayas,https://himalayas.app/companies/skalierung-mittelstand/jobs/freiberufliche-projekt-hunter-m-w-d
f4fae5a9-1a0b-5cf4-8612-a866d4e1c51a,Sleek,,[],,,,"[""technology_employer""]",hires,,,,,,,true,0.75,2026-10-05 09:21:15.112466+00,2026-10-05 09:21:15.112466+00,remoteok,https://remoteOK.com/remote-jobs/remote-junior-payroll-assistant-sleek-1137391
bd80447d-093b-5f30-a419-757cc56b7373,Smart Role,,[],,,,"[""technology_employer""]",unknown,,,,,,,true,0.75,2026-08-29 03:33:27.52151+00,2026-08-29 04:07:11.016927+00,himalayas,https://himalayas.app/companies/smart-role/jobs/full-stack-developer
7c350c40-9089-5278-8605-0346569f2d85,Smart Working,,[],,,,"[""technology_employer""]",hires,,,,,,,true,0.75,2026-08-29 03:33:39.541561+00,2026-10-05 09:11:32.667719+00,himalayas,https://himalayas.app/companies/smart-working/jobs/senior-data-engineer-remote-contractual-th003
eb7279db-e3c4-5eab-8aec-5badd64f1907,Snef,,[],,,,"[""technology_employer""]",hires,,,,,,,true,0.75,2026-08-29 03:28:15.50885+00,2026-08-29 04:01:58.966448+00,himalayas,https://himalayas.app/companies/snef/jobs/junior-qa-engineer
ca09f4bd-ed06-5e0d-a464-154cc6ee04be,SoSafe,,[],,,,"[""technology_employer""]",unknown,,,,,,,true,0.75,2026-08-29 03:35:03.569244+00,2026-08-29 04:09:05.046777+00,himalayas,https://himalayas.app/companies/sosafe/jobs/director-of-sales-development-sdr-s-emea-686524429
249305d5-744f-5418-b645-2b6116502ef7,Softgic,,[],,,,"[""technology_employer""]",hires,,,,,,,true,0.75,2026-08-29 03:27:45.511543+00,2026-08-29 04:01:28.949353+00,himalayas,https://himalayas.app/companies/softgic/jobs/frontend-engineer-sme-studio
9cdac039-c5d3-59cc-8e5d-d66b066de0c4,Software Mind,,[],,,,"[""technology_employer""]",unknown,,,,,,,true,0.75,2026-08-29 03:36:45.598134+00,2026-08-29 04:10:29.047641+00,himalayas,https://himalayas.app/companies/software-mind/jobs/cmi-ai-engineer
42f388ef-a19a-5850-833b-85ab569f1b1b,Solteq,,[],,,,"[""technology_employer""]",unknown,,,,,,,true,0.75,2026-10-05 09:16:14.677249+00,2026-10-05 09:16:14.677249+00,himalayas,https://himalayas.app/companies/solteq/jobs/ai-driven-cloud-architect
8d9ffd7c-dab4-5f5f-993e-d4f18c79fa80,Soluna,,[],,,,"[""technology_employer""]",unknown,,,,,,,true,0.75,2026-08-29 03:31:21.539537+00,2026-08-29 04:05:05.003675+00,himalayas,https://himalayas.app/companies/soluna/jobs/software-engineer
6a407a97-e81d-5041-872d-b080f6c99c33,"SolveNow, Inc.",,[],,,,"[""technology_employer""]",unknown,,,,,,,true,0.75,2026-10-05 09:15:02.668695+00,2026-10-05 09:15:02.668695+00,himalayas,https://himalayas.app/companies/solvenow-inc/jobs/lead-electrical-engineer-765kv-ehv-substation-design-3517997830
7185713f-50e5-5685-bef2-cf9f415f8276,Somos BHS 💚,,[],,,,"[""technology_employer""]",unknown,,,,,,,true,0.75,2026-08-29 03:36:09.572667+00,2026-08-29 04:09:53.045154+00,himalayas,https://himalayas.app/companies/somos-bhs/jobs/pessoa-desenvolvedora-frontend-senior-home-office-clt-determinado-5-meses
c1d14140-4323-5aca-a2db-03969b55a3b3,Sophie's Flats Inc.,,[],,,,"[""technology_employer""]",hires,,,,,,,true,0.75,2026-10-05 09:21:15.114277+00,2026-10-05 09:21:15.114277+00,remoteok,https://remoteOK.com/remote-jobs/remote-architectural-designer-sophies-flats-inc-1136192
3fc3727b-77ed-5949-ace3-448cac778248,Sourceworx,,[],,,,"[""technology_employer""]",unknown,,,,,,,true,0.75,2026-10-05 09:17:26.67331+00,2026-10-05 09:17:26.67331+00,himalayas,https://himalayas.app/companies/sourceworx/jobs/senior-android-developer
d77587b2-df64-5b6e-adce-cc69fad61b08,Spacelift,,[],,,,"[""technology_employer""]",unknown,,,,,,,true,0.75,2026-08-29 03:35:45.573523+00,2026-08-29 04:10:29.047641+00,himalayas,https://himalayas.app/companies/spacelift/jobs/senior-fp-a-analyst-finance-business-partner-remote-poland
3e5beb9e-08ed-500f-9975-f868da7009c1,Spicerhaart,,[],,,,"[""technology_employer""]",unknown,,,,,,,true,0.75,2026-10-05 09:13:44.666341+00,2026-10-05 09:13:44.666341+00,himalayas,https://himalayas.app/companies/spicerhaart/jobs/estate-agency-training-manager-9978598349
a1f9f3b4-40d3-556f-b421-876e419f25eb,Spine Media,,[],,,,"[""technology_employer""]",unknown,,,,,,,true,0.75,2026-10-05 09:12:08.681569+00,2026-10-05 09:12:08.681569+00,himalayas,https://himalayas.app/companies/spine-media/jobs/manager-revops-yield-100-remote
3175edf0-7915-5190-8fc6-60910dbb42fa,Spire,,[],,,,"[""technology_employer""]",unknown,,,,,,,true,0.75,2026-08-29 03:36:51.601359+00,2026-08-29 04:10:35.039863+00,himalayas,https://himalayas.app/companies/spire/jobs/sales-manager-weather-climate-emea-apac
a7e1ad37-661a-536d-8c35-6230828460d3,Spokeo,,[],,,,"[""technology_employer""]",hires,,,,,,,true,0.75,2026-08-29 03:36:03.555313+00,2026-08-29 04:09:47.039485+00,himalayas,https://himalayas.app/companies/spokeo/jobs/data-engineering-manager-71152577
c32a1444-4646-5971-a4eb-3c947e43fcd5,SpotHopper,,[],,,,"[""technology_employer""]",unknown,,,,,,,true,0.75,2026-10-05 09:10:44.66624+00,2026-10-05 09:10:44.66624+00,himalayas,https://himalayas.app/companies/spothopper/jobs/business-development-representative
b2973799-62c8-5236-9e79-9bb877a002da,Springboard,,[],,,,"[""technology_employer""]",hires,,,,,,,true,0.75,2026-08-29 03:30:03.523494+00,2026-08-29 04:03:47.016028+00,himalayas,https://himalayas.app/companies/springboard/jobs/talent-operations-manager
a5e97551-a69e-5f6e-a314-b0a62c5d46ca,Sprinklr,,[],,,,"[""technology_employer""]",unknown,,,,,,,true,0.75,2026-10-05 09:15:56.677475+00,2026-10-05 09:15:56.677475+00,himalayas,https://himalayas.app/companies/sprinklr/jobs/sr-platinum-support-account-manager
b0680021-eb36-5547-bc94-595c728b6684,St. Tammany Health System,,[],,,,"[""technology_employer""]",unknown,,,,,,,true,0.75,2026-08-29 03:35:45.574523+00,2026-08-29 04:09:29.058645+00,himalayas,https://himalayas.app/companies/st-tammany-health-system/jobs/clinical-documentation-specialist-rn-prn-remote
127fcd31-9ca4-5797-a210-b2c0f7142c18,Stake Capital Group,,[],,,,"[""technology_employer""]",unknown,,,,,,,true,0.75,2026-08-29 03:34:09.528131+00,2026-08-29 04:07:53.047683+00,himalayas,https://himalayas.app/companies/stake-capital-group/jobs/senior-python-front-end-developer
13fec831-11b3-5cf2-86c8-45a779daf62c,Staris AI,,[],,,,"[""technology_employer""]",unknown,,,,,,,true,0.75,2026-08-29 03:27:57.511396+00,2026-08-29 04:01:40.96243+00,himalayas,https://himalayas.app/companies/staris-ai/jobs/sales-engineer
acfc0227-c660-5fe2-b6e7-cd932aa81712,Startup Wise Guys,,[],,,,"[""technology_employer""]",unknown,,,,,,,true,0.75,2026-08-29 03:27:39.512402+00,2026-08-29 04:01:22.95183+00,himalayas,https://himalayas.app/companies/startup-wise-guys/jobs/startup-founder-business-strategy
a0ca550c-0f1a-55f1-bee6-10e5cc24fb04,Steampunk,,[],,,,"[""technology_employer""]",unknown,,,,,,,true,0.75,2026-10-05 09:14:44.669693+00,2026-10-05 09:19:32.680367+00,himalayas,https://himalayas.app/companies/steampunk/jobs/servicenow-developer
1a3a9916-aa55-5b3b-9207-47af78905593,Sticker Mule,,[],,,,"[""technology_employer""]",hires,,,,,,,true,0.75,2026-10-05 09:21:15.112304+00,2026-10-05 09:21:15.112304+00,remoteok,https://remoteOK.com/remote-jobs/remote-ai-agent-engineer-sticker-mule-1137399
a2d5251a-5397-5b62-a393-c88328ba8d66,Stillfront,,[],,,,"[""technology_employer""]",unknown,,,,,,,true,0.75,2026-08-29 03:30:45.524834+00,2026-08-29 04:04:29.005808+00,himalayas,https://himalayas.app/companies/stillfront/jobs/freelancer-translator-chinese-simplified-traditional-m-f-d
d1ef6f33-2247-5511-8a56-bed47d202efd,Stone Logistics,,"[""Stone""]",,,,"[""technology_employer""]",hires,,,,,,,true,0.75,2026-10-05 09:17:38.672535+00,2026-10-05 09:21:15.113968+00,himalayas,https://himalayas.app/companies/stone-logistics/jobs/remote-project-coordinator
056d4d69-f4df-52f2-9b3c-a04f9e36781a,Stord,,[],,,,"[""technology_employer""]",unknown,,,,,,,true,0.75,2026-08-29 03:31:03.50757+00,2026-08-29 04:04:46.99731+00,himalayas,https://himalayas.app/companies/stord/jobs/head-of-billing-revenue-operations
a04bc99e-4964-55ef-baff-0b48ab63e237,Stripe,,[],,,,"[""technology_employer""]",unknown,,,,,,,true,0.75,2026-08-29 03:35:33.578182+00,2026-10-05 09:12:56.667225+00,himalayas,https://himalayas.app/companies/stripe/jobs/technical-program-manager-risk-2863568707
9689a125-bf89-5748-8480-5f3c5964ba95,Suki,,[],,,,"[""technology_employer""]",unknown,,,,,,,true,0.75,2026-08-29 03:36:33.584174+00,2026-08-29 04:10:17.047747+00,himalayas,https://himalayas.app/companies/suki/jobs/technical-program-manager
5bc4b9d4-d10a-5423-bde6-76ec234bfefd,SummitNext Technologies Sdn Bhd,,[],,,,"[""technology_employer""]",unknown,,,,,,,true,0.75,2026-08-29 03:34:09.528643+00,2026-08-29 04:07:53.047683+00,himalayas,https://himalayas.app/companies/summitnext-technologies-sdn-bhd/jobs/mobile-app-quality-control-qc-tester-remote-malaysia
981a9566-e5f4-5b04-ba39-b8e239c6af52,Supersub,,[],,,,"[""technology_employer""]",unknown,,,,,,,true,0.75,2026-10-05 09:12:20.666262+00,2026-10-05 09:12:20.666262+00,himalayas,https://himalayas.app/companies/supersub/jobs/data-scientist-remote
ea012769-9c32-5569-97f6-55174d9eabb0,SupplyHouse.com,,[],,,,"[""technology_employer""]",unknown,,,,,,,true,0.75,2026-10-05 09:12:08.681806+00,2026-10-05 09:12:08.681806+00,himalayas,https://himalayas.app/companies/supplyhouse-com/jobs/qa-engineering-team-lead
db1f899e-c7f7-579a-b7b0-959caad8ce63,Symmetrio,,[],,,,"[""technology_employer""]",unknown,,,,,,,true,0.75,2026-08-29 03:29:51.537457+00,2026-08-29 04:03:34.982399+00,himalayas,https://himalayas.app/companies/symmetrio/jobs/director-of-implementation-healthcare-saas
798d232b-bd82-5186-a754-6422bdbbec49,Syndio,,[],,,,"[""technology_employer""]",unknown,,,,,,,true,0.75,2026-08-29 03:36:09.572667+00,2026-08-29 04:09:53.045674+00,himalayas,https://himalayas.app/companies/syndio/jobs/staff-software-engineer-ai-platform-us-remote-or-calgary
944b93bd-2fb8-5774-b9ea-44ec2374c4cb,Syneos Health India Private Limited,,[],,,,"[""technology_employer""]",unknown,,,,,,,true,0.75,2026-08-29 03:35:39.538978+00,2026-08-29 04:09:23.034917+00,himalayas,https://himalayas.app/companies/syneos-health-india-private-limited/jobs/clinical-trial-manager-ii-home-based-bulgaria
f283e428-8da9-552f-8448-7514bbfbeb54,Sysmex America,,[],,,,"[""technology_employer""]",hires,,,,,,,true,0.75,2026-10-05 09:13:02.669603+00,2026-10-05 09:13:02.669603+00,himalayas,https://himalayas.app/companies/sysmex-america/jobs/engineer-i-service-sci
0ebec914-bbb2-50c0-a604-ae6a8c92323d,TASQ Staffing Solutions,,[],,,,"[""technology_employer""]",hires,,,,,,,true,0.75,2026-10-05 09:15:32.669668+00,2026-10-05 09:20:32.727499+00,himalayas,https://himalayas.app/companies/tasq-staffing-solutions/jobs/azure-devops-lead-engineer-remote-wfh
7601a8d7-1436-5441-9b43-f03e743694f2,TEHORA,,[],,,,"[""technology_employer""]",unknown,,,,,,,true,0.75,2026-08-29 03:34:15.54335+00,2026-08-29 04:08:29.062901+00,himalayas,https://himalayas.app/companies/tehora/jobs/conseiller-en-architecture-d-integration-en-intelligence-d-affaires-q1d
1fb03e9b-e825-5511-91e0-d7a6813ec951,TELUS Digital,,"[""TELUS""]",,,,"[""technology_employer""]",hires,,,,,,,true,0.75,2026-08-28 15:53:10.529995+00,2026-10-05 09:21:17.598062+00,remotive,https://remotive.com/remote-jobs/all-others/content-reviewer-english-us-2091105
5669de2f-8bc2-5841-9706-298fd27bdd7e,TEOCO,,[],,,,"[""technology_employer""]",unknown,,,,,,,true,0.75,2026-08-29 03:30:45.524834+00,2026-08-29 04:04:29.005808+00,himalayas,https://himalayas.app/companies/teoco/jobs/utility-bill-audit-and-optimization-lead
878c2819-05a7-5a48-9d8d-3fdc35bd583a,TS Imagine,,[],,,,"[""technology_employer""]",unknown,,,,,,,true,0.75,2026-08-29 03:51:39.247189+00,2026-08-29 04:12:45.331563+00,remoteok,https://remoteOK.com/remote-jobs/remote-database-administrator-ts-imagine-1137177
b0b7cec7-169a-56a0-b23d-05e4b8e142dd,Tactibit Technologies,,[],,,,"[""technology_employer""]",unknown,,,,,,,true,0.75,2026-08-29 03:33:09.497375+00,2026-08-29 04:06:53.009327+00,himalayas,https://himalayas.app/companies/tactibit-technologies/jobs/data-technician
bbe3e6df-3676-5a3b-a2d9-5dd853f4eb6e,Tahche Outsourcing Services Inc,,[],,,,"[""technology_employer""]",unknown,,,,,,,true,0.75,2026-08-29 03:33:45.553462+00,2026-08-29 04:07:29.044348+00,himalayas,https://himalayas.app/companies/tahche-outsourcing-services-inc/jobs/senior-designer
22333e60-f1d2-58a3-991a-0281a9fe68ff,TalPods,,[],,,,"[""technology_employer""]",hires,,,,,,,true,0.75,2026-08-29 03:34:09.528131+00,2026-08-29 04:07:53.047683+00,himalayas,https://himalayas.app/companies/talpods/jobs/senior-software-engineer-spring-boot-remote-dubai
b1c8512e-b7db-50f1-82f6-4c5066301e15,Talent Hackers,,[],,,,"[""technology_employer""]",unknown,,,,,,,true,0.75,2026-08-29 03:34:39.561223+00,2026-08-29 04:08:23.043489+00,himalayas,https://himalayas.app/companies/trytalenthackers/jobs/ea-product-manager
9b1979e4-3348-5d46-b38e-565472852b97,Talent Titans Pte Ltd,,[],,,,"[""technology_employer""]",unknown,,,,,,,true,0.75,2026-10-05 09:20:14.681412+00,2026-10-05 09:20:14.681412+00,himalayas,https://himalayas.app/companies/talent-titans-pte-ltd/jobs/outfitting-design-engineer-offshore
1b884f21-323c-5eef-9fa3-8309ddac5b31,TalentPop,,[],,,,"[""technology_employer""]",hires,,,,,,,true,0.75,2026-08-29 03:35:03.569244+00,2026-08-29 04:08:47.060939+00,himalayas,https://himalayas.app/companies/talentpop-com/jobs/sales-development-representative-sdr
d696d555-0403-5a1b-9d9a-be1d48bbec40,Tantalus Systems,,[],,,,"[""technology_employer""]",unknown,,,,,,,true,0.75,2026-08-29 03:31:33.51357+00,2026-08-29 04:05:22.997641+00,himalayas,https://himalayas.app/companies/tantalus-systems/jobs/deployment-specialist-propagation-modeling
5963bb5c-e8d0-58ff-b42f-33b60e1cfa93,Tax Alchemy,,[],,,,"[""technology_employer""]",unknown,,,,,,,true,0.75,2026-10-05 09:13:08.665074+00,2026-10-05 09:13:08.665074+00,himalayas,https://himalayas.app/companies/tax-alchemy/jobs/tax-manager-specializing-in-complex-returns
44963d79-258b-5282-80b8-c11301db632f,Technology Advancement Group,,[],,,,"[""technology_employer""]",unknown,,,,,,,true,0.75,2026-08-29 03:30:21.535056+00,2026-08-29 04:04:05.003665+00,himalayas,https://himalayas.app/companies/technology-advancement-group/jobs/community-manager-developers-open-source
8b09f665-f874-5922-8a83-3d30c8fc1b4b,Teleperformance,,[],,,,"[""technology_employer""]",hires,,,,,,,true,0.75,2026-10-05 09:14:38.6675+00,2026-10-05 09:20:26.684749+00,himalayas,https://himalayas.app/companies/teleperformanceusa/jobs/government-travel-advisor-specialists-sabre-experts-remote
0eee52ce-f6dd-5045-8570-e6855802c593,Telstra Health,,[],,,,"[""technology_employer""]",unknown,,,,,,,true,0.75,2026-10-05 09:17:32.672865+00,2026-10-05 09:17:32.672865+00,himalayas,https://himalayas.app/companies/telstra-health/jobs/support-officer-leaving-violence-program
367f8248-fef0-5485-bfc7-f5f39b2ae5ed,Tenna,,[],,,,"[""technology_employer""]",unknown,,,,,,,true,0.75,2026-10-05 09:12:56.667627+00,2026-10-05 09:12:56.667627+00,himalayas,https://himalayas.app/companies/tenna/jobs/sales-development-representative
8dceb8fb-34fa-5147-9160-f1dc410596d3,Tenstorrent,,[],,,,"[""technology_employer""]",unknown,,,,,,,true,0.75,2026-08-29 03:30:27.510634+00,2026-08-29 04:04:11.005607+00,himalayas,https://himalayas.app/companies/tenstorrent/jobs/field-application-engineer-ai-software-hardware
2b2b2833-8bbb-5035-a152-fd0b4a4be7ef,Terac,,[],,,,"[""technology_employer""]",hires,,,,,,,true,0.75,2026-08-29 03:34:57.581963+00,2026-08-29 04:09:11.037213+00,himalayas,https://himalayas.app/companies/terac/jobs/technical-individual-contributors-feedback-on-online-learning-prototypes
5c85cdd7-016f-509e-9bc8-386da0637c8c,Tessera Labs,,[],,,,"[""technology_employer""]",hires,,,,,,,true,0.75,2026-08-28 15:53:15.322329+00,2026-10-05 09:21:15.113044+00,remoteok,https://remoteOK.com/remote-jobs/remote-oracle-fusion-cloud-lead-logistics-supply-chain-management-tessera-labs-1137155
d66bd88a-a3ca-5978-8770-72bf6bba809e,Tether Operations Limited,,[],,,,"[""technology_employer""]",hires,,,,,,,true,0.75,2026-08-29 03:30:39.524702+00,2026-08-29 04:04:23.025613+00,himalayas,https://himalayas.app/companies/tether-operations-limited/jobs/expansion-manager-tokenization-100-remote-907830908
5fe54047-ba84-52f8-ace4-52facb923bec,Teya,,[],,,,"[""technology_employer""]",unknown,,,,,,,true,0.75,2026-08-29 03:35:33.578182+00,2026-08-29 04:09:47.040484+00,himalayas,https://himalayas.app/companies/teya/jobs/senior-ai-engineer-3142930885
e8bf7a13-d0c1-582d-9e5b-7d6919c57320,Thatch,,[],,,,"[""technology_employer""]",unknown,,,,,,,true,0.75,2026-10-05 09:15:02.668278+00,2026-10-05 09:15:02.668278+00,himalayas,https://himalayas.app/companies/thatch/jobs/head-of-platforms
f7c49f89-38c8-5150-b453-7910da52603f,Thaura AI,,[],,,,"[""technology_employer""]",unknown,,,,,,,true,0.75,2026-10-05 09:12:20.666591+00,2026-10-05 09:12:20.666591+00,himalayas,https://himalayas.app/companies/thaura-ai/jobs/marketing-lead
12b5c8b5-bc56-56dd-86a4-7fefc2d93fa0,The AI Whistleblower Initiative,,[],,,,"[""technology_employer""]",hires,,,,,,,true,0.75,2026-08-28 15:53:15.322329+00,2026-10-05 09:21:15.112964+00,remoteok,https://remoteOK.com/remote-jobs/remote-principal-engineer-the-ai-whistleblower-initiative-1137162
ff35da24-92ca-5e8f-a8f0-957593dcd1cd,The Athletic,,[],,,,"[""technology_employer""]",unknown,,,,,,,true,0.75,2026-10-05 09:12:14.667698+00,2026-10-05 09:12:14.667698+00,himalayas,https://himalayas.app/companies/the-athletic/jobs/daily-desk-student-intern-summer-2027
11e01b88-f550-5f7f-9797-4cbbd3f0041e,The Church of Jesus Christ of Latter-day Saints,,[],,,,"[""technology_employer""]",unknown,,,,,,,true,0.75,2026-10-05 09:14:08.667606+00,2026-10-05 09:14:08.667606+00,himalayas,https://himalayas.app/companies/the-church-of-jesus-christ-of-latter-day-saints/jobs/production-support-specialist-2-time-bound-12-2031
6c34bcc2-5a69-5f54-92e5-a873eb9c5396,The Employee Connect,,[],,,,"[""technology_employer""]",hires,,,,,,,true,0.75,2026-10-05 09:17:26.673231+00,2026-10-05 09:17:26.673231+00,himalayas,https://himalayas.app/companies/the-employee-connect/jobs/business-growth-champion-rockstars-needed
c2d9a3b4-dc5e-5c61-90af-d213964d9295,The Hello Team,,[],,,,"[""technology_employer""]",hires,,,,,,,true,0.75,2026-08-29 03:32:39.511068+00,2026-08-29 04:06:23.010762+00,himalayas,https://himalayas.app/companies/the-hello-team/jobs/remote-ai-expert
5610df4a-fb3a-584e-9969-3b6b04bf740e,The M&A Advisor,,[],,,,"[""technology_employer""]",hires,,,,,,,true,0.75,2026-08-29 03:32:57.651084+00,2026-08-29 04:06:41.008044+00,himalayas,https://himalayas.app/companies/the-m-a-advisor/jobs/talent-acquisition-specialist
02655752-4aa0-5acd-a2e7-d044184c7b25,The Quality Group GmbH,,[],,,,"[""technology_employer""]",hires,,,,,,,true,0.75,2026-08-29 03:27:39.512402+00,2026-08-29 04:01:22.95183+00,himalayas,https://himalayas.app/companies/the-quality-group-gmbh/jobs/senior-data-engineer-gn
891a474d-64d4-5544-a384-9d5b9e06bb0b,The Saros Group,,[],,,,"[""technology_employer""]",hires,,,,,,,true,0.75,2026-08-29 03:33:27.52051+00,2026-08-29 04:07:11.016927+00,himalayas,https://himalayas.app/companies/the-saros-group/jobs/procurement-functional-consultant
60d729ea-7e57-571d-800b-9623728e26d0,The Scalable Company,,[],,,,"[""technology_employer""]",hires,,,,,,,true,0.75,2026-08-29 03:29:39.521905+00,2026-08-29 04:03:22.984184+00,himalayas,https://himalayas.app/companies/the-scalable-company/jobs/business-advisor-helping-entrepreneurial-companies-grow-scale-26
f7ccb6c1-2865-50b2-a6a3-de0d33af4c51,The Sociable Society,,[],,,,"[""technology_employer""]",hires,,,,,,,true,0.75,2026-10-05 09:19:32.680435+00,2026-10-05 09:19:32.680435+00,himalayas,https://himalayas.app/companies/the-sociable-society/jobs/social-media-video-editor
6a3bcc8a-cc2b-56a0-bf30-e8c7a57dfeb8,TheGuarantors,,[],,,,"[""technology_employer""]",unknown,,,,,,,true,0.75,2026-08-29 03:29:51.538453+00,2026-08-29 04:03:34.982399+00,himalayas,https://himalayas.app/companies/theguarantors/jobs/senior-software-engineer-customer-integrations-api
f659bb0d-87ab-59f5-970e-18c7b897854d,TheHiveCareers,,[],,,,"[""technology_employer""]",hires,,,,,,,true,0.75,2026-08-29 03:37:27.569923+00,2026-10-05 09:20:32.727565+00,himalayas,https://himalayas.app/companies/thehivecareers/jobs/chief-digital-assets-officer-cdao
5c178500-0003-597d-b0d6-fb34d3159d66,Thorne,,[],,,,"[""technology_employer""]",unknown,,,,,,,true,0.75,2026-08-29 03:27:39.512402+00,2026-08-29 04:01:22.95183+00,himalayas,https://himalayas.app/companies/thorne/jobs/principal-software-engineer
9fca0211-00a4-5512-ba56-a2e6fb878f83,Tierpoint,,[],,,,"[""technology_employer""]",unknown,,,,,,,true,0.75,2026-10-05 09:19:08.684711+00,2026-10-05 09:19:08.684711+00,himalayas,https://himalayas.app/companies/tierpoint/jobs/senior-client-executive
a1299b37-aac2-5433-b19a-247ed8a99fbb,Tilt,,[],,,,"[""technology_employer""]",hires,,,,,,,true,0.75,2026-10-05 09:13:26.6661+00,2026-10-05 09:13:26.6661+00,himalayas,https://himalayas.app/companies/tilt-com/jobs/controller
c0fbdceb-a0f3-5c53-8409-9c4e8b63040b,Tivity Health,,[],,,,"[""technology_employer""]",unknown,,,,,,,true,0.75,2026-10-05 09:15:14.677519+00,2026-10-05 09:15:14.677519+00,himalayas,https://himalayas.app/companies/tivity-health/jobs/growth-marketing-director-remote-opportunity
876959ca-0c76-589e-86d0-e976c06ff18c,TopDog Law LLC,,[],,,,"[""technology_employer""]",unknown,,,,,,,true,0.75,2026-08-29 03:31:21.539537+00,2026-08-29 04:05:05.003675+00,himalayas,https://himalayas.app/companies/topdog-law-llc/jobs/pre-litigation-case-manager-georgia
83d7c556-1ef2-536e-acfc-1d717131ac67,Toppan Merrill,,[],,,,"[""technology_employer""]",unknown,,,,,,,true,0.75,2026-08-29 03:31:03.508572+00,2026-08-29 04:04:46.99731+00,himalayas,https://himalayas.app/companies/toppan-merrill/jobs/senior-product-manager-financial-services-ccm
adf9e2d6-c9d8-52d6-971c-b929aaf48137,Toptal,,[],,,,"[""technology_employer""]",hires,,,,,,,true,0.75,2026-10-05 09:21:15.111432+00,2026-10-05 09:21:15.111432+00,remoteok,https://remoteOK.com/remote-jobs/remote-client-advisor-toptal-1137439
3e750287-d3e0-5473-8ee8-d5e5aa044bd7,Torrero,,[],,,,"[""technology_employer""]",hires,,,,,,,true,0.75,2026-08-29 03:31:33.51357+00,2026-08-29 04:05:17.011697+00,himalayas,https://himalayas.app/companies/torrero/jobs/remote-middle-to-senior-python-developer-sports-team
4986ba90-bd55-5539-a661-7ec15f6ece1a,Toumetis,,[],,,,"[""technology_employer""]",hires,,,,,,,true,0.75,2026-08-29 03:34:45.526056+00,2026-08-29 04:08:29.062901+00,himalayas,https://himalayas.app/companies/toumetis/jobs/head-of-electrical-distribution-analytics
7d8e0aaa-da3c-56c1-847c-0d783434709a,Touro University,,[],,,,"[""technology_employer""]",hires,,,,,,,true,0.75,2026-10-05 09:16:20.671299+00,2026-10-05 09:16:20.671299+00,himalayas,https://himalayas.app/companies/touro-university/jobs/assistant-associate-professor-social-work-online
db52af1c-0c42-546a-a224-bc6e881e2de7,Traction DK,,[],,,,"[""technology_employer""]",unknown,,,,,,,true,0.75,2026-08-29 03:32:51.511313+00,2026-08-29 04:06:35.021978+00,himalayas,https://himalayas.app/companies/traction-dk/jobs/account-executive
09b435ec-dcca-531f-bc2a-73eda69c3019,TradeTracker,,[],,,,"[""technology_employer""]",unknown,,,,,,,true,0.75,2026-10-05 09:15:50.670008+00,2026-10-05 09:15:50.670008+00,himalayas,https://himalayas.app/companies/tradetracker/jobs/product-development-manager-adtech-3825709086
56ad31d3-1239-5be3-9a6d-1327540be695,TransPerfect,,[],,,,"[""technology_employer""]",unknown,,,,,,,true,0.75,2026-10-05 09:16:44.67839+00,2026-10-05 09:16:44.67839+00,himalayas,https://himalayas.app/companies/transperfect/jobs/qa-automation-engineer
c90e192e-3919-5b1a-bf26-7e2cd93db793,Tremendous,,[],,,,"[""technology_employer""]",hires,,,,,,,true,0.75,2026-10-05 09:21:15.114357+00,2026-10-05 09:21:15.114357+00,remoteok,https://remoteOK.com/remote-jobs/remote-head-of-security-tremendous-1136210
095cf583-0f3e-585a-8441-22509f28c035,Trend Micro,,[],,,,"[""technology_employer""]",unknown,,,,,,,true,0.75,2026-08-29 03:37:15.602517+00,2026-08-29 04:10:59.048526+00,himalayas,https://himalayas.app/companies/trend-micro/jobs/sr-solutions-engineer-field-us-remote-boston
3e98258c-2a52-52b4-af72-006eb9994acf,Trivelta,,[],,,,"[""technology_employer""]",unknown,,,,,,,true,0.75,2026-08-29 03:37:27.570923+00,2026-08-29 04:11:11.052731+00,himalayas,https://himalayas.app/companies/trivelta/jobs/lead-devops-engineer
75592d7c-3f49-5732-86e1-9947ab4830df,True Zero Technologies,,[],,,,"[""technology_employer""]",unknown,,,,,,,true,0.75,2026-08-29 03:27:45.510543+00,2026-08-29 04:01:28.949353+00,himalayas,https://himalayas.app/companies/true-zero-technologies/jobs/junior-cyber-security-analyst-r-00168
9d99ede8-5a6a-5805-8bff-c85274d19787,TrueBlue,,[],,,,"[""technology_employer""]",hires,,,,,,,true,0.75,2026-10-05 09:18:26.681758+00,2026-10-05 09:18:32.676416+00,himalayas,https://himalayas.app/companies/trueblue/jobs/strategic-sourcing-manager-5514022868
92a04ef2-0014-5785-a2e3-2e290501dfb2,TrustYou,,[],,,,"[""technology_employer""]",hires,,,,,,,true,0.75,2026-08-29 03:35:33.578182+00,2026-10-05 09:12:38.660891+00,himalayas,https://himalayas.app/companies/trustyou/jobs/senior-software-engineer-data-401511966
113fdfe6-9ef7-5e99-8a6b-8145a98a2192,Tufin,,[],,,,"[""technology_employer""]",unknown,,,,,,,true,0.75,2026-10-05 09:13:02.668719+00,2026-10-05 09:13:02.668719+00,himalayas,https://himalayas.app/companies/tufin/jobs/expansion-enterprise-sales-manager-northeast
16e9d117-5fe9-554f-bd68-861f02069a49,Tulane University,,[],,,,"[""technology_employer""]",unknown,,,,,,,true,0.75,2026-10-05 09:19:32.680014+00,2026-10-05 09:19:32.680014+00,himalayas,https://himalayas.app/companies/tulane-university/jobs/network-engineer-iii
d85b0163-3d0d-5086-ba8d-6227968aa89e,Tulip Interfaces,,[],,,,"[""technology_employer""]",unknown,,,,,,,true,0.75,2026-08-29 03:34:21.539009+00,2026-08-29 04:08:05.03564+00,himalayas,https://himalayas.app/companies/tulip-interfaces/jobs/account-executive
43b46a81-37d4-5fe0-8ef9-81ff99b461d4,Turnkey,,[],,,,"[""technology_employer""]",unknown,,,,,,,true,0.75,2026-08-29 03:36:09.572667+00,2026-08-29 04:10:11.041277+00,himalayas,https://himalayas.app/companies/turnkey/jobs/engineering-manager
63d3998f-eb4d-5232-b24d-1cdf2f45577e,Turpal,,[],,,,"[""technology_employer""]",unknown,,,,,,,true,0.75,2026-08-29 03:30:45.524834+00,2026-08-29 04:04:29.005808+00,himalayas,https://himalayas.app/companies/turpal/jobs/sales-development-representative-sdr-turkey
b384f642-0791-5666-afba-661fceca04fb,Twilio,,[],,,,"[""technology_employer""]",hires,,,,,,,true,0.75,2026-10-05 09:11:26.666813+00,2026-10-05 09:16:14.676613+00,himalayas,https://himalayas.app/companies/twilio/jobs/senior-international-payroll-analyst
f341cbb5-7a9d-5a40-b209-01f26443d6fe,Tyto Athene,,[],,,,"[""technology_employer""]",unknown,,,,,,,true,0.75,2026-10-05 09:11:50.661265+00,2026-10-05 09:19:50.676227+00,himalayas,https://himalayas.app/companies/tyto-athene/jobs/instructional-designer
23fe308d-4bdb-5460-b9d4-c113d2cc9333,US Anesthesia Partners,,[],,,,"[""technology_employer""]",unknown,,,,,,,true,0.75,2026-10-05 09:13:44.666136+00,2026-10-05 09:14:32.666263+00,himalayas,https://himalayas.app/companies/us-anesthesia-partners/jobs/infrastructure-engineer-remote-2849027428
f7fda08e-19e5-59f7-b250-603f94b6b630,UTAC,,[],,,,"[""technology_employer""]",unknown,,,,,,,true,0.75,2026-08-29 03:30:27.510634+00,2026-08-29 04:04:11.004607+00,himalayas,https://himalayas.app/companies/utac/jobs/senior-homologation-engineer
79c37801-10c8-52f2-a028-24ae352eb58a,Unetsafe,,[],,,,"[""technology_employer""]",unknown,,,,,,,true,0.75,2026-08-29 03:34:09.528643+00,2026-08-29 04:07:53.04868+00,himalayas,https://himalayas.app/companies/unetsafe/jobs/coo-payments-head-of-payments
78f63ee3-b6a4-50ca-816b-4bff785e5a73,Unio Digital,,[],,,,"[""technology_employer""]",hires,,,,,,,true,0.75,2026-08-28 15:53:10.529995+00,2026-10-05 09:21:17.598434+00,remotive,https://remotive.com/remote-jobs/information-technology/tier-iii-service-desk-engineer-2091045
141b497c-4c3f-5777-8609-9a39dd30b84b,Unitas PPO Solutions,,[],,,,"[""technology_employer""]",unknown,,,,,,,true,0.75,2026-08-29 03:29:45.52785+00,2026-08-29 04:03:28.971771+00,himalayas,https://himalayas.app/companies/unitas-ppo-solutions/jobs/remote-account-manager-client-services-project-management-implementation
3c4eafad-9dc8-5fa2-b977-e575710a0b21,Unity,,[],,,,"[""technology_employer""]",unknown,,,,,,,true,0.75,2026-08-29 03:27:39.512402+00,2026-08-29 04:01:40.96243+00,himalayas,https://himalayas.app/companies/unity/jobs/staff-machine-learning-engineer-vector-bidding-science-9566774358
837631bf-57f9-5b7f-bf60-0d2c05ab6ee6,Unravel Carbon Pte Ltd,,[],,,,"[""technology_employer""]",hires,,,,,,,true,0.75,2026-10-05 09:17:20.67405+00,2026-10-05 09:18:02.676177+00,himalayas,https://himalayas.app/companies/unravel-carbon-pte-ltd/jobs/senior-data-engineer-7527915417
eb8d62e6-6b68-591b-9290-782f700fa7bb,Urban Connect,,[],,,,"[""technology_employer""]",hires,,,,,,,true,0.75,2026-08-29 03:35:21.553438+00,2026-08-29 04:09:05.047777+00,himalayas,https://himalayas.app/companies/urban-connect/jobs/founding-games-engineer-roblox-b2b
46671acf-98f9-5ba2-a5fa-4fa6755a9858,Valce Talent Solutions,,[],,,,"[""technology_employer""]",unknown,,,,,,,true,0.75,2026-08-29 03:30:39.524702+00,2026-10-05 09:15:50.66979+00,himalayas,https://himalayas.app/companies/valce-talent-solutions/jobs/etl-developer
807c7d2c-a664-57a9-b654-a8f0baab55af,Valenz,,[],,,,"[""technology_employer""]",unknown,,,,,,,true,0.75,2026-08-29 03:30:33.523784+00,2026-08-29 04:04:16.993603+00,himalayas,https://himalayas.app/companies/valenz/jobs/director-revenue-strategy-fp-a
e2c31a74-de76-526b-8343-740e4e3fa381,Valiant Solutions,,[],,,,"[""technology_employer""]",unknown,,,,,,,true,0.75,2026-08-29 03:29:57.521162+00,2026-10-05 09:18:56.67651+00,himalayas,https://himalayas.app/companies/valiant-solutions/jobs/security-engineer-fedramp
854c5da8-bdd6-559f-9e2e-ce66be262a5d,Valsoft Corporation,,[],,,,"[""technology_employer""]",unknown,,,,,,,true,0.75,2026-08-29 03:29:39.521905+00,2026-08-29 04:03:22.984184+00,himalayas,https://himalayas.app/companies/valsoft-corporation/jobs/managing-director-north-ameria
754e1e66-5679-5377-bd0d-516e1ddf1270,Vantage Data Centers,,[],,,,"[""technology_employer""]",hires,,,,,,,true,0.75,2026-08-29 03:37:15.60401+00,2026-08-29 04:10:59.049526+00,himalayas,https://himalayas.app/companies/vantagedatacenters/jobs/ehs-adoption-enablement-program-manager-global
97105a14-0041-535c-a6bb-e91565abd233,VantageScore,,[],,,,"[""technology_employer""]",hires,,,,,,,true,0.75,2026-08-29 03:36:21.57656+00,2026-08-29 04:10:05.0548+00,himalayas,https://himalayas.app/companies/vantagescore/jobs/search-marketing-seo-manager-contract
55f05978-1133-5ade-a8d1-678fb6cee989,Vapaus,,[],,,,"[""technology_employer""]",unknown,,,,,,,true,0.75,2026-10-05 09:15:50.670147+00,2026-10-05 09:15:50.670147+00,himalayas,https://himalayas.app/companies/vapaus/jobs/general-application-9106113615
376b9900-5d99-54e4-aec1-8115dc72b87a,Variational AI,,[],,,,"[""technology_employer""]",hires,,,,,,,true,0.75,2026-08-29 03:34:33.546147+00,2026-08-29 04:08:17.057563+00,himalayas,https://himalayas.app/companies/variational-ai/jobs/project-management-drug-discovery
7dc14d74-6776-5757-92f9-9857c7bec84f,VeSync,,[],,,,"[""technology_employer""]",unknown,,,,,,,true,0.75,2026-10-05 09:16:02.670698+00,2026-10-05 09:16:02.670698+00,himalayas,https://himalayas.app/companies/vesync/jobs/registered-dietitian-contract
f15ec3f3-bd41-53a6-b270-c2a267d04547,Veda,,[],,,,"[""technology_employer""]",unknown,,,,,,,true,0.75,2026-10-05 09:11:32.667077+00,2026-10-05 09:11:38.660873+00,himalayas,https://himalayas.app/companies/veda-tech/jobs/smart-contract-engineer-1197445505
ec63135f-4bc7-5299-8d1e-4309687bdb11,Veeam Software,,[],,,,"[""technology_employer""]",hires,,,,,,,true,0.75,2026-08-29 03:27:39.512402+00,2026-08-29 04:01:22.95183+00,himalayas,https://himalayas.app/companies/veeam-software/jobs/platform-engineer-fedramp
051461c2-642c-518d-be82-d1678aef84e5,"Velocity-Clinical-Research,-Inc.",,[],,,,"[""technology_employer""]",unknown,,,,,,,true,0.75,2026-08-29 03:31:27.52422+00,2026-08-29 04:05:10.999903+00,himalayas,https://himalayas.app/companies/velocity-clinical-research-inc/jobs/auditor-ii-quality-assurance
139c5130-fbcf-5498-a551-18cf82aec143,Venbrook,,[],,,,"[""technology_employer""]",unknown,,,,,,,true,0.75,2026-10-05 09:15:56.67736+00,2026-10-05 09:15:56.67736+00,himalayas,https://himalayas.app/companies/venbrook/jobs/underwriter
e957277d-0adc-5662-b78c-875a22898c31,Ventra Health,,[],,,,"[""technology_employer""]",unknown,,,,,,,true,0.75,2026-10-05 09:15:32.669745+00,2026-10-05 09:15:32.669745+00,himalayas,https://himalayas.app/companies/ventra-health/jobs/project-lead-client-onboarding
5210edd6-5731-55a8-8fe3-557c820e5d8d,Vercel,,[],,,,"[""technology_employer""]",hires,,,,,,,true,0.75,2026-08-29 03:30:09.527041+00,2026-08-29 04:03:53.002446+00,himalayas,https://himalayas.app/companies/vercel/jobs/product-security-engineer
0fdf60a1-be7e-5ec6-99e1-1fe99430045f,VeriPark,,[],,,,"[""technology_employer""]",unknown,,,,,,,true,0.75,2026-08-29 03:30:51.50333+00,2026-08-29 04:04:35.005504+00,himalayas,https://himalayas.app/companies/veripark/jobs/quality-engineer
a47f5ab8-eef1-5d9f-bf8b-b14126440139,VetsEZ,,[],,,,"[""technology_employer""]",hires,,,,,,,true,0.75,2026-10-05 09:18:20.681204+00,2026-10-05 09:18:20.681204+00,himalayas,https://himalayas.app/companies/vetsez/jobs/senior-applied-ai-product-engineer-remote-opportunity
e6764036-10e4-50b5-b59a-c4f2df4345eb,ViaBill,,[],,,,"[""technology_employer""]",hires,,,,,,,true,0.75,2026-08-29 03:27:45.510543+00,2026-08-29 04:01:28.948353+00,himalayas,https://himalayas.app/companies/viabill/jobs/senior-frontend-developer-angular-remote-eu
3f423541-e92f-52ae-b594-016bca65a8c4,Viable Medical Solutions,,[],,,,"[""technology_employer""]",hires,,,,,,,true,0.75,2026-10-05 09:21:15.115329+00,2026-10-05 09:21:15.115329+00,remoteok,https://remoteOK.com/remote-jobs/remote-administrative-assistant-viable-medical-solutions-1135697
bc9893b2-ef35-53e9-bfee-f18029b3ce79,Virginia.gov,,[],,,,"[""technology_employer""]",unknown,,,,,,,true,0.75,2026-10-05 09:14:56.669491+00,2026-10-05 09:14:56.669491+00,himalayas,https://himalayas.app/companies/virginia-gov/jobs/benefit-programs-specialist-ii-albemarle
51be1c2b-85b6-577e-92ae-f1f0e5e52ed4,Viseven,,[],,,,"[""technology_employer""]",unknown,,,,,,,true,0.75,2026-10-05 09:12:32.674366+00,2026-10-05 09:12:32.674366+00,himalayas,https://himalayas.app/companies/viseven/jobs/product-owner
57b4544a-dd95-5401-b3db-0c9000b42778,Voltaiq,,[],,,,"[""technology_employer""]",unknown,,,,,,,true,0.75,2026-08-29 03:33:27.52151+00,2026-08-29 04:07:17.016987+00,himalayas,https://himalayas.app/companies/voltaiq/jobs/senior-battery-engineer
f1b1617b-a49c-5e17-a3b8-be321861edc0,Volume7,,[],,,,"[""technology_employer""]",hires,,,,,,,true,0.75,2026-10-05 09:15:38.72394+00,2026-10-05 09:15:38.72394+00,himalayas,https://himalayas.app/companies/volume7/jobs/full-stack-developer
8c49abca-914c-565f-9869-5facd518db10,Vosker,,[],,,,"[""technology_employer""]",unknown,,,,,,,true,0.75,2026-10-05 09:11:20.682119+00,2026-10-05 09:11:20.682119+00,himalayas,https://himalayas.app/companies/vosker/jobs/responsable-agile-scrum-master
253407ee-54ad-577e-ae95-c2cd6b873a69,WIRE IT,,[],,,,"[""technology_employer""]",hires,,,,,,,true,0.75,2026-08-29 03:27:39.512402+00,2026-08-29 04:01:22.95183+00,himalayas,https://himalayas.app/companies/wire-it/jobs/java-backend-developer-with-kotlin
ee483022-dadb-5b94-a65b-bb9c18bc9892,WM,,[],,,,"[""technology_employer""]",hires,,,,,,,true,0.75,2026-10-05 09:17:44.674206+00,2026-10-05 09:17:44.674206+00,himalayas,https://himalayas.app/companies/wm/jobs/residential-sales-save-specialist-east
51ac5086-d39e-5cd3-9c46-03c94c364cef,WSP Africa,,[],,,,"[""technology_employer""]",unknown,,,,,,,true,0.75,2026-10-05 09:12:20.666408+00,2026-10-05 09:19:44.679303+00,himalayas,https://himalayas.app/companies/wsp-africa/jobs/lead-substation-p-c-engineer-remote-hybrid
6ae2fa72-49c3-570f-93f3-98e240139671,WVU Medicine,,[],,,,"[""technology_employer""]",unknown,,,,,,,true,0.75,2026-08-29 03:36:51.601359+00,2026-08-29 04:10:35.039863+00,himalayas,https://himalayas.app/companies/wvu-medicine/jobs/member-service-representative-3160307229
63d8d5f2-319f-58f1-b03d-417a7119fd37,Walker Sands,,[],,,,"[""technology_employer""]",unknown,,,,,,,true,0.75,2026-08-29 03:36:57.587643+00,2026-08-29 04:10:41.048818+00,himalayas,https://himalayas.app/companies/walker-sands/jobs/allbound-marketing-strategist
94febf7d-9cc4-5fe3-9660-32acb2fd855e,"Walter Bacon, LLC",,[],,,,"[""technology_employer""]",hires,,,,,,,true,0.75,2026-08-29 03:27:51.505452+00,2026-08-29 04:01:34.976164+00,himalayas,https://himalayas.app/companies/walter-bacon-llc/jobs/data-analyst-life-sciences-specialist-direct-hire-125-210k-telecommute
6579c980-3573-5ada-90a5-447b7250083f,Waste Logic,,[],,,,"[""technology_employer""]",unknown,,,,,,,true,0.75,2026-08-29 03:34:45.526056+00,2026-08-29 04:08:29.062901+00,himalayas,https://himalayas.app/companies/waste-logic/jobs/bilingual-customer-experience-representative-remote-from-on-qc
68351297-400d-521b-85b3-8e1fd5b0ec39,Waymo,,[],,,,"[""technology_employer""]",unknown,,,,,,,true,0.75,2026-10-05 09:11:26.666781+00,2026-10-05 09:16:02.670382+00,himalayas,https://himalayas.app/companies/waymo/jobs/program-manager-tooling-and-integrations
bfcc0b22-4b78-5d54-b17b-a668973620e5,We Assist.io,,[],,,,"[""technology_employer""]",hires,,,,,,,true,0.75,2026-10-05 09:13:44.666223+00,2026-10-05 09:13:44.666223+00,himalayas,https://himalayas.app/companies/we-assist-io/jobs/bilingual-insurance-executive-assistant
d6609db9-ff09-5f43-ad1d-07722c02f9a3,Webflow,,[],,,,"[""technology_employer""]",hires,,,,,,,true,0.75,2026-10-05 09:10:56.661815+00,2026-10-05 09:10:56.661815+00,himalayas,https://himalayas.app/companies/webflow/jobs/staff-product-manager-governance-4067654952
c77443ad-654c-51fe-aa02-ba46a0aaa796,Webnotics Pvt Ltd,,[],,,,"[""technology_employer""]",unknown,,,,,,,true,0.75,2026-10-05 09:21:15.114685+00,2026-10-05 09:21:15.114685+00,remoteok,https://remoteOK.com/remote-jobs/remote-online-bidder-webnotics-pvt-ltd-1137209
5aaa1c74-7d86-5ef0-b557-594fe06469e6,Welbe Health,,[],,,,"[""technology_employer""]",unknown,,,,,,,true,0.75,2026-10-05 09:10:50.669574+00,2026-10-05 09:10:50.669574+00,himalayas,https://himalayas.app/companies/welbe-health/jobs/ai-engineer-5358950939
75318151-5128-51a0-b14d-2b04149fbc29,Wellhub,,[],,,,"[""technology_employer""]",hires,,,,,,,true,0.75,2026-08-29 03:34:21.539009+00,2026-10-05 09:16:08.675992+00,himalayas,https://himalayas.app/companies/wellhub/jobs/staff-platform-engineer-sre
c8284c5a-faa1-50ec-a902-10261707294d,Welo Global,,[],,,,"[""technology_employer""]",hires,,,,,,,true,0.75,2026-10-05 09:10:44.666756+00,2026-10-05 09:10:56.661651+00,himalayas,https://himalayas.app/companies/welo-global/jobs/generative-ai-analyst-turkish-turkey
e5dc11cc-9de2-5669-88b7-d2ddec3c9edf,Wesco,,[],,,,"[""technology_employer""]",hires,,,,,,,true,0.75,2026-10-05 09:16:14.67706+00,2026-10-05 09:18:50.674888+00,himalayas,https://himalayas.app/companies/wesco/jobs/architect-development-wms-development
62d56116-ba13-5256-ab74-b1b9ff95c5bc,West Bend Insurance Company,,[],,,,"[""technology_employer""]",unknown,,,,,,,true,0.75,2026-10-05 09:13:38.669931+00,2026-10-05 09:13:38.669931+00,himalayas,https://himalayas.app/companies/west-bend-insurance-company/jobs/senior-investigator-special-investigations-unit-illinois-indiana-and-michig-5262669657
b48cfe4e-1bb9-5df4-a220-aac5505b64b9,WestJet,,[],,,,"[""technology_employer""]",hires,,,,,,,true,0.75,2026-10-05 09:21:15.115251+00,2026-10-05 09:21:15.115251+00,remoteok,https://remoteOK.com/remote-jobs/remote-regional-general-manager-airports-westjet-1135745
d89a66ef-1175-515f-be41-43d2ab43cf91,Westinghouse Electric Company,,[],,,,"[""technology_employer""]",unknown,,,,,,,true,0.75,2026-08-29 03:29:51.538453+00,2026-10-05 09:15:38.723479+00,himalayas,https://himalayas.app/companies/westinghouse-electric-company/jobs/engineer-nuclear-remote-other-ma-us-0-3127686053
429116e6-d311-51e2-8269-40e4a5fe606f,Wheelhouse,,[],,,,"[""technology_employer""]",hires,,,,,,,true,0.75,2026-08-29 03:35:27.583773+00,2026-08-29 04:10:41.048818+00,himalayas,https://himalayas.app/companies/wheelhouse/jobs/account-executive-eu
9d53ad41-17bb-5654-b8e3-81864ada2cd6,Whisker Labs,,[],,,,"[""technology_employer""]",unknown,,,,,,,true,0.75,2026-08-29 03:30:57.531675+00,2026-08-29 04:04:41.005202+00,himalayas,https://himalayas.app/companies/whiskerlabs/jobs/customer-service-technician-fst-tech
a84050d2-122b-5c35-901b-9ed783b516d7,Williams-Sonoma,,[],,,,"[""technology_employer""]",unknown,,,,,,,true,0.75,2026-10-05 09:18:32.676681+00,2026-10-05 09:18:32.676681+00,himalayas,https://himalayas.app/companies/williams-sonoma/jobs/account-executive-brand-standards
70c8a82b-fcd5-56f8-8a14-3e7c55be9bbe,Wing Assistant,,[],,,,"[""technology_employer""]",hires,,,,,,,true,0.75,2026-08-29 03:37:27.569923+00,2026-08-29 04:11:11.051731+00,himalayas,https://himalayas.app/companies/wing-assistant/jobs/recruitment-assistant-ph
6fe1eb2b-05a7-5e5e-be05-73ae76a7e1ad,Wingtra,,[],,,,"[""technology_employer""]",hires,,,,,,,true,0.75,2026-08-29 03:28:03.509287+00,2026-08-29 04:01:46.962712+00,himalayas,https://himalayas.app/companies/wingtra/jobs/western-europe-regional-sales-manager
f777fc2c-e91a-553e-b5f5-a1daebf16a55,Winrock International,,[],,,,"[""technology_employer""]",hires,,,,,,,true,0.75,2026-08-29 03:35:51.574879+00,2026-08-29 04:10:59.048526+00,himalayas,https://himalayas.app/companies/winrock-international/jobs/call-for-experts-redd-mrv-subject-matter-experts-short-term-consulting-assign
76838b69-4457-54c9-acf1-f01e5ecb4813,Wipfli,,[],,,,"[""technology_employer""]",hires,,,,,,,true,0.75,2026-10-05 09:15:32.669393+00,2026-10-05 09:15:32.669393+00,himalayas,https://himalayas.app/companies/wipfli/jobs/outsourced-accounting-senior-accountant-senor-living-home-health
b11599f7-8f92-54a5-910e-bb4ec600acdf,Wirex,,[],,,,"[""technology_employer""]",unknown,,,,,,,true,0.75,2026-08-29 03:36:03.555313+00,2026-08-29 04:09:47.040484+00,himalayas,https://himalayas.app/companies/wirexapp/jobs/infrastructure-automation-engineer
96a77787-9628-59d0-84ee-02c711769d13,Wisor.AI,,[],,,,"[""technology_employer""]",hires,,,,,,,true,0.75,2026-08-29 03:27:57.510867+00,2026-08-29 04:01:40.96243+00,himalayas,https://himalayas.app/companies/wisor-ai/jobs/enterprise-account-executive-with-background-selling-saas-to-freight-forwarder
e23ae01b-a117-5b34-a368-0bf025a64974,Wiz Co,,[],,,,"[""technology_employer""]",unknown,,,,,,,true,0.75,2026-08-29 03:35:21.553438+00,2026-08-29 04:11:11.051731+00,himalayas,https://himalayas.app/companies/wiz-co/jobs/senior-technical-account-manager-3661223430
eba2a78a-6028-5854-b0cc-fcf9d2b5b772,Wizpresso,,[],,,,"[""technology_employer""]",unknown,,,,,,,true,0.75,2026-10-05 09:19:50.676501+00,2026-10-05 09:19:50.676501+00,himalayas,https://himalayas.app/companies/wizpresso/jobs/devops-and-site-reliability-engineer
8d5f6217-8566-526f-8e98-36c6867a2891,Wolfspeed,,[],,,,"[""technology_employer""]",unknown,,,,,,,true,0.75,2026-08-29 03:35:45.573523+00,2026-08-29 04:09:29.058645+00,himalayas,https://himalayas.app/companies/wolfspeed/jobs/senior-tax-analyst
cf637d94-fa40-5715-8000-c29b046c6bb6,Wood,,[],,,,"[""technology_employer""]",hires,,,,,,,true,0.75,2026-10-05 09:13:02.669733+00,2026-10-05 09:15:32.669472+00,himalayas,https://himalayas.app/companies/wood/jobs/cybersecurity-senior-analyst
0405977c-3a1c-5459-8e1c-bfa50c186a5d,Work Better Now,,[],,,,"[""technology_employer""]",unknown,,,,,,,true,0.75,2026-10-05 09:13:02.669691+00,2026-10-05 09:13:02.669691+00,himalayas,https://himalayas.app/companies/work-better-now/jobs/bookkeeper
804b3ab0-47d1-589f-b864-fe5a6e820070,Workstate,,[],,,,"[""technology_employer""]",hires,,,,,,,true,0.75,2026-08-29 03:29:57.521162+00,2026-08-29 04:03:40.986401+00,himalayas,https://himalayas.app/companies/workstate/jobs/lead-golang-aws-developer-latam-remote
f68ca7f5-770c-5c11-8bd0-453b75755a96,Workwize,,[],,,,"[""technology_employer""]",hires,,,,,,,true,0.75,2026-10-05 09:16:14.676746+00,2026-10-05 09:16:14.676746+00,himalayas,https://himalayas.app/companies/workwize/jobs/qa-engineer
15f3da99-01f7-570d-9be5-87d135b997b0,World Travel Holdings,,[],,,,"[""technology_employer""]",hires,,,,,,,true,0.75,2026-10-05 09:14:26.669223+00,2026-10-05 09:14:26.669223+00,himalayas,https://himalayas.app/companies/world-travel-holdings/jobs/help-desk-analyst
a8b31b8e-0f3a-5bed-acf3-4a2be20ce72f,Worldwide Clinical Trials,,[],,,,"[""technology_employer""]",hires,,,,,,,true,0.75,2026-08-29 03:33:39.541561+00,2026-08-29 04:07:23.026406+00,himalayas,https://himalayas.app/companies/worldwide-clinical-trials/jobs/associate-director-operations-clinical-assessment-technologies-cat-uk-euro
c21cb1ab-0bd6-5acc-8434-4081b2f421c0,Worth Rises,,[],,,,"[""technology_employer""]",unknown,,,,,,,true,0.75,2026-08-29 03:30:51.502781+00,2026-08-29 04:04:35.004505+00,himalayas,https://himalayas.app/companies/worth-rises/jobs/senior-digital-associate
41039d0f-5606-5516-ad12-6117e4127542,Wunderkind,,[],,,,"[""technology_employer""]",unknown,,,,,,,true,0.75,2026-08-29 03:36:39.571706+00,2026-08-29 04:10:23.039082+00,himalayas,https://himalayas.app/companies/wunderkind/jobs/senior-manager-accounting
75b358fd-ca3c-5832-aa04-95d730f369bf,X-Series USA,,[],,,,"[""technology_employer""]",hires,,,,,,,true,0.75,2026-08-29 03:28:21.512561+00,2026-08-29 04:02:04.952733+00,himalayas,https://himalayas.app/companies/x-series-usa/jobs/laser-applications-specialist
46793338-9ce5-5d61-8164-fbd403f0f7e4,XKTalent Inc. - Rimutee,,[],,,,"[""technology_employer""]",unknown,,,,,,,true,0.75,2026-08-29 03:30:33.52278+00,2026-08-29 04:04:16.993603+00,himalayas,https://himalayas.app/companies/rekluti/jobs/ia-community
9c9cc311-d151-5a87-939e-7f16d6d741b3,Xsolla,,[],,,,"[""technology_employer""]",unknown,,,,,,,true,0.75,2026-10-05 09:16:08.675674+00,2026-10-05 09:16:08.675674+00,himalayas,https://himalayas.app/companies/xsolla/jobs/senior-product-owner-xsolla-money-account
19ff450e-1325-5d73-ba42-d0a1d28a8894,YMCA,,[],,,,"[""technology_employer""]",unknown,,,,,,,true,0.75,2026-10-05 09:14:32.666151+00,2026-10-05 09:14:32.666151+00,himalayas,https://himalayas.app/companies/ymca/jobs/lead-cx-association-services-customer-support-national-office
47e5cb5c-03ab-539d-af28-b77e36eb8c4c,Yardstick,,[],,,,"[""technology_employer""]",hires,,,,,,,true,0.75,2026-10-05 09:12:26.665942+00,2026-10-05 09:12:26.665942+00,himalayas,https://himalayas.app/companies/yardstick/jobs/open-call-soil-carbon-field-tech-contract-central-us-based-4803592209
b7f24245-8f42-5d54-bec2-efc2eb30678f,"Yelp, Inc",,[],,,,"[""technology_employer""]",hires,,,,,,,true,0.75,2026-08-29 03:33:45.554463+00,2026-10-05 09:17:44.674731+00,himalayas,https://himalayas.app/companies/yelp-inc/jobs/lead-product-manager-ad-formats-remote-united-states
d397e5d1-9202-5e2e-8c2f-c87ba107f150,Yokogawa,,[],,,,"[""technology_employer""]",unknown,,,,,,,true,0.75,2026-08-29 03:33:21.523335+00,2026-08-29 04:07:11.015927+00,himalayas,https://himalayas.app/companies/yokogawa/jobs/account-manager-advanced-analytical
fd337b03-8005-5574-b83f-1783620d4ac5,YugabyteDB,,[],,,,"[""technology_employer""]",hires,,,,,,,true,0.75,2026-08-29 03:32:45.527318+00,2026-08-29 04:06:29.022788+00,himalayas,https://himalayas.app/companies/yugabytedb/jobs/senior-sales-engineer-1935165290
9c2ebcff-d2e9-56bb-a607-b993dad74a5f,Yum! Brands,,[],,,,"[""technology_employer""]",unknown,,,,,,,true,0.75,2026-10-05 09:14:32.666367+00,2026-10-05 09:15:14.677486+00,himalayas,https://himalayas.app/companies/yum-brands/jobs/staff-solutions-architect
1dacd964-bdfd-5b82-98d6-0a18993fb758,Zelh,,[],,,,"[""technology_employer""]",unknown,,,,,,,true,0.75,2026-08-29 03:36:03.555313+00,2026-10-05 09:16:44.678003+00,himalayas,https://himalayas.app/companies/zelh/jobs/data-entry-specialist
44c44bcd-fa59-574c-a329-4b434af28c71,Zensar,,[],,,,"[""technology_employer""]",unknown,,,,,,,true,0.75,2026-10-05 09:14:26.668922+00,2026-10-05 09:20:08.680922+00,himalayas,https://himalayas.app/companies/zensar/jobs/technical-pm-offshore
c6ec7e82-4671-5a19-8ae1-467be55b84b2,Zero21,,[],,,,"[""technology_employer""]",unknown,,,,,,,true,0.75,2026-10-05 09:11:44.665712+00,2026-10-05 09:11:50.66064+00,himalayas,https://himalayas.app/companies/zero21/jobs/strategic-partnerships-development-director
e243650b-607a-5981-b589-dd09f157ff5e,ZoomInfo,,[],,,,"[""technology_employer""]",hires,,,,,,,true,0.75,2026-08-29 03:35:39.538978+00,2026-08-29 04:11:11.050731+00,himalayas,https://himalayas.app/companies/zoominfo/jobs/principal-business-intelligence-analyst
a7c74ff8-d86f-5b24-919c-baea30f298b6,Zuma,,[],,,,"[""technology_employer""]",unknown,,,,,,,true,0.75,2026-10-05 09:11:08.667099+00,2026-10-05 09:11:08.667752+00,himalayas,https://himalayas.app/companies/zuma/jobs/support-engineer
5e2a8044-52ad-5715-a598-0ca24c0fb135,Zus Health,,[],,,,"[""technology_employer""]",unknown,,,,,,,true,0.75,2026-10-05 09:11:14.677264+00,2026-10-05 09:11:14.677396+00,himalayas,https://himalayas.app/companies/zus-health/jobs/future-zusers-2456319870
686b6337-dd5a-5f18-8ce3-527851e4790e,abridge,,[],,,,"[""technology_employer""]",unknown,,,,,,,true,0.75,2026-08-29 03:35:03.569244+00,2026-08-29 04:08:47.061935+00,himalayas,https://himalayas.app/companies/abridge/jobs/machine-learning-infrastructure-engineer-model-inference
e9364340-2772-526b-a41b-45b64b680028,apiphani,,[],,,,"[""technology_employer""]",hires,,,,,,,true,0.75,2026-08-29 03:37:27.569923+00,2026-08-29 04:11:11.051731+00,himalayas,https://himalayas.app/companies/apiphani/jobs/sap-innovation-architect
2c30716f-d050-557d-a139-077a7a1e8baa,crewAI,,[],,,,"[""technology_employer""]",unknown,,,,,,,true,0.75,2026-08-29 03:30:03.522978+00,2026-08-29 04:03:47.015028+00,himalayas,https://himalayas.app/companies/crewai/jobs/senior-support-engineer
2a9a6ed8-b096-537e-82cc-69696dad06dd,dell,,[],,,,"[""technology_employer""]",unknown,,,,,,,true,0.75,2026-10-05 09:13:56.672901+00,2026-10-05 09:14:50.671815+00,himalayas,https://himalayas.app/companies/dell/jobs/senior-principal-engineer-solutions-architecture-7712120811
f262bbe2-132d-53a6-af8b-ff691cc6bd9b,eClerx,,[],,,,"[""technology_employer""]",unknown,,,,,,,true,0.75,2026-10-05 09:16:38.66943+00,2026-10-05 09:20:26.684319+00,himalayas,https://himalayas.app/companies/eclerx/jobs/ap-analyst
644b42f7-c64b-5eba-8014-f2b9bd4f713c,eJam,,[],,,,"[""technology_employer""]",unknown,,,,,,,true,0.75,2026-08-29 03:35:51.574879+00,2026-08-29 04:09:35.071689+00,himalayas,https://himalayas.app/companies/ejam/jobs/ai-creative-engineer-ai-video-ads
1ba7c0ed-0bdf-5189-af90-5f6f9770996d,eduNEXT,,[],,,,"[""technology_employer""]",unknown,,,,,,,true,0.75,2026-08-29 03:34:33.546147+00,2026-08-29 04:08:17.057563+00,himalayas,https://himalayas.app/companies/edunext/jobs/desenvolvedor-full-stack-edunext-banco-de-talentos
3a035ba0-26a7-5516-9b96-f9f62008f4e3,emagine / emagineHealth,,[],,,,"[""technology_employer""]",hires,,,,,,,true,0.75,2026-08-29 03:29:45.528849+00,2026-08-29 04:03:28.971771+00,himalayas,https://himalayas.app/companies/emagine-emaginehealth/jobs/seo-ai-search-strategist
0b85ca52-b802-5f74-9b11-6a036c3492d0,evoila GmbH,,[],,,,"[""technology_employer""]",unknown,,,,,,,true,0.75,2026-10-05 09:16:02.67+00,2026-10-05 09:16:02.67+00,himalayas,https://himalayas.app/companies/evoila-gmbh/jobs/senior-sales-account-executive-m-w-d
688165fb-8d0d-501d-ad04-0f96f56a55cd,garden3d,,[],,,,"[""technology_employer""]",hires,,,,,,,true,0.75,2026-08-28 15:53:10.529995+00,2026-08-29 04:12:47.672911+00,remotive,https://remotive.com/remote-jobs/marketing/head-of-marketing-communications-2091068
f5d1a09a-3cff-5297-9d52-db232836afe8,hCaptcha,,[],,,,"[""technology_employer""]",hires,,,,,,,true,0.75,2026-08-29 03:33:57.538245+00,2026-08-29 04:07:41.034309+00,himalayas,https://himalayas.app/companies/hcaptcha/jobs/senior-security-analyst
05d36522-f5ac-5ebe-b428-100570d93860,intive,,[],,,,"[""technology_employer""]",unknown,,,,,,,true,0.75,2026-08-29 03:33:09.497375+00,2026-08-29 04:06:53.009327+00,himalayas,https://himalayas.app/companies/intive/jobs/senior-devops-with-aws
d2190f57-a8c9-5096-9a63-2bf0d9d4f847,lunchlist,,[],,,,"[""technology_employer""]",hires,,,,,,,true,0.75,2026-08-29 03:33:09.497375+00,2026-08-29 04:06:53.008329+00,himalayas,https://himalayas.app/companies/lunchlist/jobs/softwarearchitekt-m-w-d
46d92556-71f6-502c-b1bb-0570ce93db34,mercor,,[],,,,"[""technology_employer""]",hires,,,,,,,true,0.75,2026-08-29 03:31:27.52422+00,2026-10-05 09:16:32.675888+00,himalayas,https://himalayas.app/companies/mercor/jobs/australian-english-audio-evaluator-6146687697
f2cdb11e-cdc6-5550-861f-a9e83fbf7690,micro1,,[],,,,"[""technology_employer""]",hires,,,,,,,true,0.75,2026-08-29 03:35:09.548435+00,2026-10-05 09:18:20.681508+00,himalayas,https://himalayas.app/companies/micro1/jobs/ai-engineer-7982880650
13a9ac7a-6d81-519c-b50f-49c94b434fbc,nexos.ai,,[],,,,"[""technology_employer""]",unknown,,,,,,,true,0.75,2026-10-05 09:12:26.665341+00,2026-10-05 09:12:32.674067+00,himalayas,https://himalayas.app/companies/nexos-ai/jobs/product-designer-senior
e63fce25-cd9b-5c04-a2df-0830f6441fbf,phData,,[],,,,"[""technology_employer""]",hires,,,,,,,true,0.75,2026-08-29 03:35:51.574369+00,2026-08-29 04:10:47.055437+00,himalayas,https://himalayas.app/companies/phdata/jobs/solutions-architect
717c2a10-067f-5341-a855-e8152e6757bd,smartvokat,,[],,,,"[""technology_employer""]",unknown,,,,,,,true,0.75,2026-08-29 03:34:09.5276+00,2026-08-29 04:07:53.047683+00,himalayas,https://himalayas.app/companies/smartvokat/jobs/senior-servicenow-solution-consultant-deutschland-oder-osterreich-m-f-d
8de02149-bf27-5a1a-aaa6-77c370df0679,uvation,,[],,,,"[""technology_employer""]",unknown,,,,,,,true,0.75,2026-10-05 09:17:32.672983+00,2026-10-05 09:19:08.684665+00,himalayas,https://himalayas.app/companies/uvation/jobs/senior-linux-infrastructure-engineer-bare-metal-storage-3731372941
c675c31e-fc8a-53e4-aa94-226a0e7392fe,vCluster Labs,,[],,,,"[""technology_employer""]",unknown,,,,,,,true,0.75,2026-08-29 03:34:57.580963+00,2026-08-29 04:08:47.059939+00,himalayas,https://himalayas.app/companies/vcluster-labs/jobs/regional-sales-director-west
